-- MySQL dump 10.13  Distrib 8.0.17, for Win64 (x86_64)
--
-- Host: localhost    Database: dbmysite
-- ------------------------------------------------------
-- Server version	8.0.17

/*!40101 SET @OLD_CHARACTER_SET_CLIENT=@@CHARACTER_SET_CLIENT */;
/*!40101 SET @OLD_CHARACTER_SET_RESULTS=@@CHARACTER_SET_RESULTS */;
/*!40101 SET @OLD_COLLATION_CONNECTION=@@COLLATION_CONNECTION */;
/*!50503 SET NAMES utf8 */;
/*!40103 SET @OLD_TIME_ZONE=@@TIME_ZONE */;
/*!40103 SET TIME_ZONE='+00:00' */;
/*!40014 SET @OLD_UNIQUE_CHECKS=@@UNIQUE_CHECKS, UNIQUE_CHECKS=0 */;
/*!40014 SET @OLD_FOREIGN_KEY_CHECKS=@@FOREIGN_KEY_CHECKS, FOREIGN_KEY_CHECKS=0 */;
/*!40101 SET @OLD_SQL_MODE=@@SQL_MODE, SQL_MODE='NO_AUTO_VALUE_ON_ZERO' */;
/*!40111 SET @OLD_SQL_NOTES=@@SQL_NOTES, SQL_NOTES=0 */;

--
-- Table structure for table `activity_activityapply`
--

DROP TABLE IF EXISTS `activity_activityapply`;
/*!40101 SET @saved_cs_client     = @@character_set_client */;
/*!50503 SET character_set_client = utf8mb4 */;
CREATE TABLE `activity_activityapply` (
  `id` int(11) NOT NULL AUTO_INCREMENT,
  `truename` varchar(32) NOT NULL,
  `mobile` varchar(11) NOT NULL,
  `create_time` datetime(6) NOT NULL,
  `activity_id` int(11) NOT NULL,
  `username_id` int(11) NOT NULL,
  PRIMARY KEY (`id`),
  KEY `activity_activityapp_activity_id_81967b59_fk_activity_` (`activity_id`),
  KEY `activity_activityapply_username_id_7be398dc_fk_userinfo_id` (`username_id`),
  CONSTRAINT `activity_activityapp_activity_id_81967b59_fk_activity_` FOREIGN KEY (`activity_id`) REFERENCES `activity_foodactivity` (`id`),
  CONSTRAINT `activity_activityapply_username_id_7be398dc_fk_userinfo_id` FOREIGN KEY (`username_id`) REFERENCES `userinfo` (`id`)
) ENGINE=InnoDB AUTO_INCREMENT=26 DEFAULT CHARSET=utf8;
/*!40101 SET character_set_client = @saved_cs_client */;

--
-- Dumping data for table `activity_activityapply`
--

LOCK TABLES `activity_activityapply` WRITE;
/*!40000 ALTER TABLE `activity_activityapply` DISABLE KEYS */;
INSERT INTO `activity_activityapply` VALUES (8,'李广','55262842962','2019-12-01 23:10:52.315350',2,12),(9,'李广','22345674245','2019-12-02 18:06:26.300082',3,12),(11,'管理员','12234324567','2019-12-26 17:21:33.393188',6,1),(12,'管理员','12345678915','2019-12-28 20:05:41.300627',4,1),(16,'张大大','15346287951','2019-12-28 20:08:05.956542',4,14),(17,'张大大','15246358745','2019-12-28 20:08:28.322892',5,14),(18,'张三','15246351846','2019-12-28 20:08:59.852469',4,2),(19,'张三','15246384516','2019-12-28 20:09:15.761282',6,2),(20,'王昭君','15346824965','2019-12-28 20:10:31.073007',4,13),(21,'王昭君','15486294581','2019-12-28 20:10:46.466072',6,13),(22,'李广','15246384512','2019-12-28 20:11:13.642393',6,12),(23,'李广','17594238416','2019-12-28 20:11:33.033614',5,12),(24,'萧太后','15246831564','2019-12-28 20:12:05.485062',4,11),(25,'萧太后','15642841563','2019-12-28 20:21:28.451326',5,11);
/*!40000 ALTER TABLE `activity_activityapply` ENABLE KEYS */;
UNLOCK TABLES;

--
-- Table structure for table `activity_foodactivity`
--

DROP TABLE IF EXISTS `activity_foodactivity`;
/*!40101 SET @saved_cs_client     = @@character_set_client */;
/*!50503 SET character_set_client = utf8mb4 */;
CREATE TABLE `activity_foodactivity` (
  `id` int(11) NOT NULL AUTO_INCREMENT,
  `name` varchar(128) NOT NULL,
  `abstract` longtext NOT NULL,
  `host_time` datetime(6) NOT NULL,
  `host_address` varchar(128) NOT NULL,
  `participants` int(10) unsigned NOT NULL,
  `contactPhone` varchar(11) NOT NULL,
  `create_time` datetime(6) NOT NULL,
  `total_view` int(10) unsigned NOT NULL,
  `remark` longtext,
  `chargeMan_id` int(11) NOT NULL,
  PRIMARY KEY (`id`),
  KEY `activity_foodactivity_chargeMan_id_19c99baa_fk_store_stores_id` (`chargeMan_id`),
  CONSTRAINT `activity_foodactivity_chargeMan_id_19c99baa_fk_store_stores_id` FOREIGN KEY (`chargeMan_id`) REFERENCES `store_stores` (`id`)
) ENGINE=InnoDB AUTO_INCREMENT=8 DEFAULT CHARSET=utf8;
/*!40101 SET character_set_client = @saved_cs_client */;

--
-- Dumping data for table `activity_foodactivity`
--

LOCK TABLES `activity_foodactivity` WRITE;
/*!40000 ALTER TABLE `activity_foodactivity` DISABLE KEYS */;
INSERT INTO `activity_foodactivity` VALUES (2,'【拼吃】这是一个嗦螺的季节！醒醒田螺为您带来肉肥味美的新鲜田螺！快来报名拼吃啦！','这次我们的拼吃活动就为大家带来了正宗的醒醒田螺！他家所用来烹饪的龙虾肉肥个大，所有田螺为老板精心挑选！想来免费一尝就快来报名我们的拼吃活动吧！只有12个名额哦！先抢先到！','2019-11-24 19:00:00.000000','梧州市万秀区大中路悦和大厦1层',12,'无','2019-11-30 09:40:54.406774',0,'哈哈哈哈哈哈',10),(3,'【拼吃】梧州特色美食猪脚姜拼吃报名啦！','彩云之南梧州特色美食猪脚姜拼吃报名啦！ 晚上六点，资深吃货们集聚位于五坊路的阿卿猪脚姜。 一 一 抱拳之后楼主开始打量饭店 饭店装潢有点特色，厅房的名称都是梧州名胜服务人员的穿着皆为梧州风情，个别靓仔靓妹还是风姿绰约的。','2019-11-26 20:00:00.000000','梧州市万秀区城南街道五坊路8-1号',8,'无','2019-12-01 23:30:25.015930',0,'来呀',15),(4,'【鸡仔DIY】文姐鸡仔饼DIY活动！周末早上不见不散！','烘焙，与食者是一次唇舌与美味的邂逅，\n与烘焙者是一次灵感与肢体的快乐交汇；\n烘焙，让人学会沉淀情绪，享受独处的曼妙，宁静而致远；\n烘焙，让人拥有了一批情趣相投的朋友，在彼此的交流中碰撞出惺惺相惜的火花；\n烘焙，让人生活更加丰厚多彩，注重细节，欣赏美好，从而每天喜欢自己多一点。','2020-01-11 10:00:00.000000','梧州市万秀区五坊路与步行街交叉口东100米',20,'无','2019-12-07 21:04:51.947556',0,'来玩呀',16),(5,'一起进厨房，美食大家做','有时候，一群陌生人一起做一件事，一起聊自己的人生，吐槽自己的不幸\n\n其实是一件很幸福的事情，因为也许今天见了这辈子都不会再遇见了，\n\n也有可能今天见了，这辈子都会是好朋友\n\n\n与其突发奇想，不如勇敢的做出来！\n\n找个时间，我来组局，你来参与，放松心灵，品尝家常的美食\n\n自己动的手，味道会更美！','2020-01-04 16:00:00.000000','梧州市区',10,'无','2019-12-07 21:09:22.016739',0,'哈哈哈哈哈哈',18),(6,'【到店免费】感恩生活，美食表意！梧州特色纸包鸡到店就免费！仅限一天！赶快来吧','仅限一天！赶快来吧','2020-01-07 18:00:00.000000','梧州市万秀区南环路20号',20,'无','2019-12-07 22:58:50.218050',0,'哈哈哈哈哈哈',17),(7,'【拼吃】嗦粉吗！嗦粉吗！嗦粉吗！','新品上线，欢迎试吃。','2019-12-15 10:00:00.000000','梧州市万秀区南堤路54号',30,'无','2019-12-08 15:06:52.796559',0,'哈哈哈哈哈哈',11);
/*!40000 ALTER TABLE `activity_foodactivity` ENABLE KEYS */;
UNLOCK TABLES;

--
-- Table structure for table `article_article`
--

DROP TABLE IF EXISTS `article_article`;
/*!40101 SET @saved_cs_client     = @@character_set_client */;
/*!50503 SET character_set_client = utf8mb4 */;
CREATE TABLE `article_article` (
  `article_id` int(11) NOT NULL AUTO_INCREMENT,
  `title` varchar(150) NOT NULL,
  `content` longtext NOT NULL,
  `created_time` datetime(6) NOT NULL,
  `total_views` int(10) unsigned NOT NULL,
  `is_top` varchar(1) NOT NULL,
  `atc_category_id` int(11) DEFAULT NULL,
  `author_id` int(11) DEFAULT NULL,
  `tags` varchar(64) DEFAULT NULL,
  PRIMARY KEY (`article_id`),
  KEY `article_article_atc_category_id_2b65e905_fk_article_a` (`atc_category_id`),
  KEY `article_article_author_id_e6b479f8_fk_userinfo_id` (`author_id`),
  CONSTRAINT `article_article_atc_category_id_2b65e905_fk_article_a` FOREIGN KEY (`atc_category_id`) REFERENCES `article_atccategory` (`id`),
  CONSTRAINT `article_article_author_id_e6b479f8_fk_userinfo_id` FOREIGN KEY (`author_id`) REFERENCES `userinfo` (`id`)
) ENGINE=InnoDB AUTO_INCREMENT=49 DEFAULT CHARSET=utf8;
/*!40101 SET character_set_client = @saved_cs_client */;

--
-- Dumping data for table `article_article`
--

LOCK TABLES `article_article` WRITE;
/*!40000 ALTER TABLE `article_article` DISABLE KEYS */;
INSERT INTO `article_article` VALUES (3,'舌尖上的梧州！这些梧州美食你吃过吗？','<p><strong>梧州市毗邻港澳，其风味美食、特色佳肴令食家称赏、叫绝，真的无愧于&ldquo;食在梧州&rdquo;的美誉。其中，有拍入《中国一绝》风情电视纪录片的纸包鸡，气味芳香，鲜嫩甘美，制作工艺独特，名扬海内外。有甜酸爽脆的&ldquo;神仙钵&rdquo;、田螺鸡煲、艇仔粥,冰泉滴珠豆浆和龟苓膏更是世无双。</strong></p>\r\n\r\n<p><img alt=\"\" src=\"http://img.mp.itc.cn/upload/20170114/ebb0432002d544ab8349a373ad121f98_th.jpg\" /></p>\r\n\r\n<p><img alt=\"\" src=\"http://img.mp.itc.cn/upload/20170114/1b845960ed214998b1e57e690abc270d_th.jpg\" /></p>\r\n\r\n<p>今天，就让小编来带领大家体验一下舌尖上的梧州吧！</p>\r\n\r\n<p><strong>01</strong></p>\r\n\r\n<p><strong>梧州纸包鸡</strong></p>\r\n\r\n<p>【梧州纸包鸡】采用纯正三黄鸡，切件调味后，以玉扣纸包裹，用花生油浸炸而成，因此气味芳香，鲜嫩甘美，制作工艺独特，名扬海内外。食用时鲜嫩甘滑，原汁原味，醇厚不腻。入口甘、滑、甜、软，食后齿颊留香，是地地道道的梧州美食哦，周末约上亲朋好友去美美吃一顿吧~</p>\r\n\r\n<p><img alt=\"\" src=\"http://img.mp.itc.cn/upload/20170114/74f0663f0ef44511b94f8323edf35f28.jpg\" /></p>\r\n\r\n<p><img alt=\"\" src=\"http://img.mp.itc.cn/upload/20170114/52fb05c36a434f7382c753571ffe9bd0_th.jpg\" /></p>\r\n\r\n<p><strong>2</strong></p>\r\n\r\n<p><strong>神仙钵</strong></p>\r\n\r\n<p>【神仙钵】是梧州市饮食市场上的一朵奇葩，又叫打边炉。将白醋、红糖、砂姜倒入瓦钵中，放在炭炉上熬成汤。水开后。将要调好的肉料一一放在钵内烫熟食用，形成了甜酸爽脆的风韵，吃起来飘飘欲仙，故名&ldquo;神仙钵&rdquo;。亲，有尝过麽？</p>\r\n\r\n<p><img alt=\"\" src=\"http://img.mp.itc.cn/upload/20170114/6386eb71aed24c66855f22721dd76cc6_th.jpg\" /></p>\r\n\r\n<p><strong>3</strong></p>\r\n\r\n<p><strong>田螺鸡煲</strong></p>\r\n\r\n<p>梧州【田螺鸡煲】是用三黄鸡搭配田螺所制作，再加上其它的配料，笋、芹菜等，鲜、香、辣，鸡肉还是嫩的，看上去非常的诱人。边啜田螺内，边吃鸡肉，田螺个大肉肥，味道鲜美，加上调料相搭，这样的组合，亲们，真是到了梧州可不要错过哦~</p>\r\n\r\n<p><img alt=\"\" src=\"http://img.mp.itc.cn/upload/20170114/d931f198a830496b95d8bd0b4c10337d_th.jpg\" /></p>\r\n\r\n<p><strong>4</strong></p>\r\n\r\n<p><strong>梧州白斩鸭</strong></p>\r\n\r\n<p>【梧州白斩鸭】苍梧县大坡河步白斩鸭选用放养的本地稻田的麻鸭，皮白肉厚、口感细嫩、香气诱人,没有鸭的骚味!先以若干猪骨熬汤，等煮烂汤汁喷出香味时，加盐加料落汤水，并将杀好的鸭放汤中温火泡浸，待鸭腿部肌肉开始收缩时将鸭捞起。一锅汤可连煮好几次，捞起的鸭实肉，清香，无油腻感。</p>\r\n\r\n<p><img alt=\"\" src=\"http://img.mp.itc.cn/upload/20170114/508f22035d2241b1b7bdb962ec548490_th.jpg\" /></p>\r\n\r\n<p><strong>5</strong></p>\r\n\r\n<p><strong>上汤河粉</strong></p>\r\n\r\n<p>梧州【上汤河粉】从民国时期起就已经驰名粤港了。&ldquo;上汤河粉&rdquo;顾名思义是以上汤为主。汤是以清甜的鸡汤加上猪的骨头一起熬的汤，或许听着简单，但上汤熬法每一个师傅和店铺都会有自己独特的秘方。&ldquo;上汤河粉&rdquo;的配菜也是一赞，牛腩、扣肉、叉烧、牛肚、猪脚、腐竹等都让人垂涎欲滴~</p>\r\n\r\n<p><img alt=\"\" src=\"http://img.mp.itc.cn/upload/20170114/31df4c979f87473998f13946dd42395a_th.jpg\" /></p>\r\n\r\n<p><strong>6</strong></p>\r\n\r\n<p><strong>京南米粉</strong></p>\r\n\r\n<p>苍梧县京南米粉选用当地优质大米和石山矿泉水精制而成,光亮洁白,柔韧耐煮,嫩滑爽口。梧州人煮京南米粉喜欢配以鲜肉、虾米、香菇、青菜等佐料，煮成热气腾腾香甜的面汤或者米粉汤，也可做炒粉。时令冬季，梧州人还会往羊肉、鸡肉为汤底的火锅中加入京南米粉，吃起来最是心满意足。</p>\r\n\r\n<p><img alt=\"\" src=\"http://img.mp.itc.cn/upload/20170114/536f8befd4e54182b01b44985f2f3992_th.jpg\" /></p>\r\n\r\n<p><strong>7</strong></p>\r\n\r\n<p><strong>梧州豆腐渣</strong></p>\r\n\r\n<p>【梧州豆腐渣】又名霉豆腐，以在豆腐渣表面长出粉红色的霉菌为上乘，炒出来之后非常爽口，有一种独特的香味，港澳同胞称之为&ldquo;广西猪肝&rdquo;。因为豆腐渣有它的生长特定条件，是梧州的独有食品。炒豆腐渣之前要把这层霉菌洗掉，切块与各种食材搭配烹饪，花样繁多！到梧州要尝豆腐渣哦~</p>\r\n\r\n<p><img alt=\"\" src=\"http://img.mp.itc.cn/upload/20170114/6bebcf17f3f74044b919a91f5bb8b1d5_th.jpg\" /></p>\r\n\r\n<p><strong>8</strong></p>\r\n\r\n<p><strong>蒙山肉丸</strong></p>\r\n\r\n<p>蒙山肉丸，又称圆子，为梧州蒙山县的特有的传统佳肴。它取料于皮薄肉嫩的蒙山杂交猪，风味独特，香脆可口，深受人们喜爱。蒙山肉丸可配制成各种佳肴，为蒙山人办宴席的必备菜谱，常做成&ldquo;冬菇肉丸汤&rdquo;、&ldquo;发菜肉丸汤&rdquo;、&ldquo;鸡杂肉丸汤&rdquo;、&ldquo;三丝肉圆汤&rdquo;等。小编看着好馋~亲们呢？</p>\r\n\r\n<p><img alt=\"\" src=\"http://img.mp.itc.cn/upload/20170114/76bdb00890a448af84b431f17d766a52_th.jpg\" /></p>\r\n\r\n<p><strong>9</strong></p>\r\n\r\n<p><strong>传统艇仔粥</strong></p>\r\n\r\n<p>【传统艇仔粥】是梧州的著名美食，梧州人喝粥既讲究又传统。艇仔粥是用白粥配以叉烧、鱼片、鱿鱼须、浮皮、海蜇、鸡蛋丝、炸花生、薄脆等，再加之适量葱花、香菜、姜丝制作而成，味道十分鲜美、香滑可口，吃后让人唇舌生津，口齿留香！亲~有机会到梧州记得来一碗热气腾腾的艇仔粥哟~</p>\r\n\r\n<p><img alt=\"\" src=\"http://img.mp.itc.cn/upload/20170114/8c62ef944cf84c9da7421edef73c14d9.jpg\" /></p>\r\n\r\n<p><strong>10</strong></p>\r\n\r\n<p><strong>梧州龟苓膏</strong></p>\r\n\r\n<p>【梧州龟苓膏】梧州市特产，中国国家地理标志产品。是历史悠久的梧州传统药膳，相传最初是清宫中专供皇帝食用的名贵药物，它主要以鹰嘴龟和土茯苓为原料，再配生地等药物精制而成。其性温和，具有清热去湿、滋阴补肾、养颜提神等功效，因而备受两广一带以及东南亚人的喜爱，远近闻名。</p>\r\n\r\n<p><img alt=\"\" src=\"http://img.mp.itc.cn/upload/20170114/14f60b532d5e47b6bd05e1cf984db5fc_th.jpg\" /></p>\r\n\r\n<p><strong>11</strong></p>\r\n\r\n<p><strong>冰泉豆浆</strong></p>\r\n\r\n<p>梧州【冰泉豆浆】以它&ldquo;香、滑、浓&rdquo;独具风味，驰名中外。优质黄豆利用当地名泉&ldquo;冰泉&rdquo;水浸泡，经磨、滤、煮，制成豆浆，以汤匙舀起而滴下如串珠，誉为&ldquo;滴珠蜜味&rdquo;。冰泉豆浆不但口感好，风味佳，而且富含蛋白质，被视为理想佳饮。民间流传有&ldquo;不饮冰泉羹，枉然到梧州&rdquo;之说。</p>\r\n\r\n<p><img alt=\"\" src=\"http://img.mp.itc.cn/upload/20170114/173cbb51de12406cbed7a555c59141f1_th.jpg\" /></p>\r\n\r\n<p><strong>12</strong></p>\r\n\r\n<p><strong>梧州凉茶</strong></p>\r\n\r\n<p>梧州民间历来有喝凉茶消暑祛湿的传统。至今已有一千五百多年的历史。【梧州凉茶】以多种中草药熬制而成，品种繁多，常喝可以解暑生津，除湿去火。外地人到了梧州也总是慕名品尝，以免留下遗憾。小小一杯凉茶，第一口喝到的只是草药的清苦，留在心中的却是阵阵的甘甜~到梧州，记得来一碗哦！</p>\r\n\r\n<p><img alt=\"\" src=\"http://img.mp.itc.cn/upload/20170114/87a09fb62de34ebca933b11d51ca854d_th.jpg\" /></p>\r\n\r\n<p>亲，有没有不知不觉流口水了呢？找个时间与好友结伴去梧州好好体验一番哦~</p>\r\n\r\n<p><img alt=\"\" src=\"http://img.mp.itc.cn/upload/20170114/1e451f6b44b64eeb97e067eede75b76b_th.jpg\" /></p>\r\n\r\n<p>梧州老字号美食街</p>\r\n\r\n<p>都知道&ldquo;吃在广州&rdquo;，可作为一个广西人肯定也有听过&ldquo;吃在梧州&rdquo;。梧州最靠近广东，深受粤式饮食文化深受影响，也集合了两广一带的特色美食，而老字号美食街则是美食最集中、最有名的地方。有个大学士就曾指出老字号美食街是梧州本土特色美食文化的传承地，岭南美食文化百川汇流之地！</p>\r\n\r\n<p><img alt=\"\" src=\"http://img.mp.itc.cn/upload/20170114/8acd64cc1a524dc7b9f528061bc56049_th.jpg\" /></p>\r\n\r\n<p>初级吃货只知道梧州龟苓膏，高端的才会知道纸包鸡、六堡茶、冰泉豆浆、田螺、牛杂、河粉、艇仔粥等等美食，这些在老字号都能吃到。另外不得不说的是：梧州人做甜品也是一绝，可以把各种甜品做出梧州特有的味道，去到梧州的小伙伴决不能错过甜品，更不能错过老字号美食街！</p>\r\n','2019-11-06 21:11:08.596913',30,'0',1,1,NULL),(6,'梧州美食有哪些？来梧州必吃美食前五名！','<p>导语：梧州，始于上古舜帝，是一座历史文明古城。历史长河当然少不了各种美味佳肴的 一起寻味梧州，领略原汁原味的岭南风味。</p>\r\n\r\n<p><img alt=\"\" src=\"/media/article/20191111170520_6df2211d381bdc10f94095666b976164.png\" style=\"height:362px; width:511px\" /></p>\r\n\r\n<p>纸包鸡传世150年，起源于清代，始创于梧州民间。清代起，纸包鸡就被列为梧州府府台宴 客的主菜。纸包鸡做法非常独特，将三黄鸡切件，用老抽、八角、枸杞、茴香等各种调味 再用玉扣纸包裹用，以花生油入锅浸炸而成。吃的时候只需要在纸上画一个十字即可，不 一层拆开纸。 冰泉豆浆 梧州的冰泉豆浆闻名海内外，相信不少人都曾喝过袋装的冰泉豆浆。来到梧州，更不能错 的冰泉豆浆，正所谓&ldquo;不饮冰泉豆浆，不算到过梧州&rdquo;。 和味龙虱 前方高能，接着要介绍一道比较独特的菜市&mdash;&mdash;和味龙虱。龙虱又名水鳖虫，据说有滋阴 降血脂等奇效，还专治小儿夜尿。 梧州的龙虱食用已经有几百年历史，是梧州人的家常小菜。黑溜溜的外形有点吓人，但味 美，胆大的朋友不妨一试。</p>\r\n\r\n<p><img alt=\"\" src=\"/media/article/20191111170532_21ff9cb08a9e14352ed8845e874ca2ec.png\" style=\"height:322px; width:489px\" /></p>\r\n\r\n<p>酸嘢 &ldquo;酸嘢&rdquo;又名酸料，是用各种时令蔬菜、水果用糖精、米醋腌浸而成，顾名思义，酸酸甜甜 开胃。&ldquo;酸嘢&rdquo;常见的果蔬有萝卜、芥菜、莲藕、沙葛、青瓜、子姜、辣椒、木瓜、桃子、李 荞头、沙梨等，选择多多，可以各要一点尝鲜。 串上长长的竹签，边逛街边吃，便有一番滋味。</p>\r\n','2019-11-11 17:05:38.809255',33,'0',1,13,NULL),(7,'梧州特色美食大盘点，来梧州玩的可不能错过哦','<p>1、蒙山肉丸</p>\r\n\r\n<p><img alt=\"\" src=\"/media/article/rizhi/1.jpg\" style=\"height:398px; width:640px\" /></p>\r\n\r\n<p>　　蒙山美食中，名声在外的当数蒙山肉丸。这是当地一道历史悠久的特色菜，长时间为蒙山人所独享。上世纪八十年代，改革开放的春风吹遍大江南北，精明的蒙山人身怀肉丸制作的独门技艺，走出大山，到周边县市设摊经营，所到之处，蒙山肉丸无不深受欢迎。这小小的肉丸子，可焖，可炒，可煮汤，可入料火锅，香甜脆口，绝不腻喉，老少皆宜。有很多的蒙山人因为制作经营肉丸而发财致富。</p>\r\n\r\n<p>　　2、窝粉</p>\r\n\r\n<p><img alt=\"\" src=\"/media/article/rizhi/2.jpg\" style=\"height:210px; width:294px\" /></p>\r\n\r\n<p>　　窝粉似河粉，不同是窝粉必由酸笋豉&ldquo;窝&rdquo;煮而成，常拌各式辣椒蒜蓉等，比之河粉，香浓颇有不及但多一分津酸烈辣。市面经营窝粉口味大同小异。</p>\r\n\r\n<p>　　3、滑肉肠粉</p>\r\n\r\n<p><img alt=\"\" src=\"/media/article/rizhi/3.jpg\" style=\"height:327px; width:600px\" /></p>\r\n\r\n<p>　　又名&ldquo;猪肠粉&rdquo;，因形似猪肠而得名，制法是先用一张卷粉卷上滑肉，卷成一条后再切成约8厘米长的小段，上蒸笼蒸熟，出笼后，浇是生油，熟油，糟辣酱，海鲜酱等佐料即成。</p>\r\n\r\n<p>　　4、梧州龟苓膏</p>\r\n\r\n<p><img alt=\"\" src=\"/media/article/rizhi/4.jpg\" style=\"height:419px; width:640px\" /></p>\r\n\r\n<p>　　龟苓膏呈黑色，微带透明。龟苓膏主要以鹰嘴龟和土茯苓为主要原料。龟苓膏是历史悠久的梧州传统药膳，相传最初是清宫中专供皇帝食用的名贵药物。它主要以名贵的鹰嘴龟和土茯苓为原料，再配生地等药物精制而成。其性温和，不凉不燥，老少皆宜， 具有清热去湿， 旺血生肌，止瘙痒，去暗疮，润肠通便，滋阴补肾，养颜提神等功效，因而倍受人们喜爱，并畅销中外。</p>\r\n\r\n<p>　　5、梧州腊肠</p>\r\n\r\n<p><img alt=\"\" src=\"/media/article/rizhi/5.jpg\" style=\"height:369px; width:640px\" /></p>\r\n\r\n<p>　　梧州腊肠是指以肉类为原料，经切，绞成丁，配以辅料，灌入动物肠衣经发酵、成熟干制成的肉制品。代表产品&ldquo;龙舟牌&rdquo;腊肠，包括龙舟牌腊味、肉脯系列产品。梧州腊肠源自于清末民初的梧州荘记腊味，至今已积累了近百年的肉食制品精加工生经验，选用优质原料，并佐以独特配方，采用传统工艺和现代化技术相结合，经严格质量监控精制而成。</p>\r\n\r\n<p>　　梧州腊肠外观红润，制作方法以风干为主，目前以龙舟牌腊肠为代表。梧州腊肠与广式腊肠特点明显不同在于：外形细长，外表起大坑皱纹，红白分明，味微咸不太甜，越嚼越香，甘香不腻。</p>\r\n\r\n<p>　　蒸出来的腊肠口感细软，可与其他食品原材料做成各种美味菜肴，既下酒又下饭。制作梧州腊肠时，猪肉的好坏绝对是第一位的，选用梧州附近有着&ldquo;狮子头、豹子眼、竹筒脚&rdquo;之称的陆川公猪为佳。庄国礼说，梧州腊肠不光要讲究肉的质量，腌制所用的材料也非常重要，会直接影响到腊味的味道。</p>\r\n\r\n<p>　　6、梧州豆浆</p>\r\n\r\n<p><img alt=\"\" src=\"/media/article/rizhi/66.jpg\" style=\"height:285px; width:452px\" /></p>\r\n\r\n<p>　　梧州有一种饮料，令人瞩目，津津乐道。说来有趣，这东西竟是平平常常的崐豆浆。油条豆浆，这是中国众多城市都有的大众食品，许许多多的车站旁边，早晚崐都见到有小贩在叫卖。蹲在这些摊子旁边喝上一两碗，是许多旅人都有的经验。物崐虽平常，那风味却给我留下深刻的印象。</p>\r\n\r\n<p>　　然而全国竟有一个地方，豆浆成为名产，增加了城市的声誉，这地方就是梧州崐。</p>\r\n\r\n<p>　　7、梧州纸包鸡</p>\r\n\r\n<p><img alt=\"\" src=\"/media/article/rizhi/7.jpg\" style=\"height:373px; width:640px\" /></p>\r\n\r\n<p>　　梧州纸包鸡相传已有近百年历史，它因气味芳香、鲜嫩甘美、制作工艺独特而蜚声海内外，1985年，梧州纸包鸡被选拍入《中国一绝》风情电视纪录片&ldquo;纸包鸡&rdquo;顾名思义，菜肴是以纸包裹主料炸制而成，这是隔纸炸的烹饪法，制作独特，菜肴可以保持鸡肉的鲜嫩，调料味浓，特有异香。梧州纸包鸡色泽金黄，香味诱人。</p>\r\n\r\n<p>　　吃起来，入口甘、滑、甜、软，食后齿颊留香。 原汁原味，肉嫩骨脆，香气四溢，鲜美适口。 采用纯正三黄鸡，切件调味后，以纸包裹，用花生油浸炸而成。因此气味芳香，鲜嫩甘美，制作工艺独特，名扬海内外。名菜纸包鸡经过代代师传，现已成为梧州市传统名菜。</p>\r\n\r\n<p>　　8、岑溪三黄鸡</p>\r\n\r\n<p><img alt=\"\" src=\"/media/article/rizhi/8.jpg\" style=\"height:196px; width:360px\" /></p>\r\n\r\n<p>　　岑溪三黄鸡是具有地方特色的传统名鸡，是广西历史上四大名鸡之一，此鸡是由一种野鸡长期驯养而成。经过系统选育的岑溪三黄鸡，全面保留古典型的体型、外貌和肉质的特色，型、色、香、味俱臻一流，是广西唯一经过系统选育的地方土鸡。</p>\r\n\r\n<p>　　目前岑溪市外贸鸡场把选育后的岑溪三黄鸡放到果园、林区、山地进行放牧饲养，用传统的饲料喂养，所养出的肉鸡与传统的放养鸡保持了一致的特色，是制作白切鸡的最佳品种，曾得到广州十大名厨白天鹅宾馆中厨总监庄伟佳先生的赞誉。</p>\r\n\r\n<p>　　9、同心米粉</p>\r\n\r\n<p><img alt=\"\" src=\"/media/article/rizhi/89.jpg\" style=\"height:241px; width:438px\" /></p>\r\n\r\n<p>　　同心米粉主产于广西梧州市藤县同心镇的同心村一带，故称同心米粉。在清朝时，同心米粉已有盛名。当时，同心村一带的村民以家庭小作坊形式，利用自家井水加工米粉，所产的米粉洁白细滑耐煮，熟后柔软可口。据传，清朝时一位官吏把同心米粉进贡朝廷，备受青睐，从此，同心米粉声名鹊起，成为一个知名品牌。</p>\r\n\r\n<p>　　同心米粉都是选用当地特产优质大米和高山矿泉水或自家井水，经传统工艺精制而成。其工序主要有浸米、洗米、磨浆、蒸粉、晾晒、回软、切丝、再晾晒、包装等。成品每扎约50克，美观、小巧、别致。粉丝细薄，干爽白净，呈半透明的润泽虾肉色。</p>\r\n\r\n<p>　　用开水烫直粉丝沥水，配以汤料即可食。同心米粉速熟耐煮而水清不浊；汤煮则滑嫩，爽脆可口；炒则粉条柔软，不粘连；口感好、易消化。以其口感独特而被称为&ldquo;广西一绝&rdquo;。2005年向国家专利局注册了&ldquo;正心牌&rdquo;专利商标。</p>\r\n','2019-11-11 17:15:19.265121',140,'0',1,13,NULL),(9,'边城','<p>听说《边城》很好看</p>\r\n','2019-11-12 14:48:45.730301',15,'0',4,1,'文学'),(12,'青岛防空警报响彻全城','<p>1897年11月14日，德国侵略军在栈桥强行登陆，武装占领青岛。1998年，青岛市人民政府将11月14日定为&ldquo;防空警报试鸣日&rdquo;。</p>\r\n\r\n<p>&ldquo;金盾&mdash;2019&rdquo;青岛市人民防空行动演习，于2019年11月14日10：00-10：20进行。</p>\r\n\r\n<p>警报试鸣包含四种信号：</p>\r\n\r\n<p>一、防空警报音响信号发放程序及信号规定</p>\r\n\r\n<p>预先警报鸣36秒停24秒反复3遍</p>\r\n\r\n<p>时间：3分钟</p>\r\n\r\n<p>空袭警报鸣6秒停6秒反复15遍</p>\r\n\r\n<p>时间：3分钟</p>\r\n\r\n<p>解除警报连续鸣放3分钟</p>\r\n\r\n<p>二、灾情警报音响信号发放程序及信号规定</p>\r\n\r\n<p>鸣15秒停10秒再鸣放5秒停10秒</p>\r\n\r\n<p>反复3遍为一个周期时间2分钟。</p>\r\n\r\n<p>三、各种警报信号间隔时间及试鸣总时间</p>\r\n\r\n<p>各种警报信号之间间隔时间为3分钟共计20分钟</p>\r\n\r\n<p>请大家认真听辨预先警报、空袭警报、解除警报和灾害警报信号，并保持正常的生产生活和工作秩序。</p>\r\n','2019-11-14 18:25:41.518851',37,'0',4,12,''),(13,'这是一个吃龙虾的季节！','<p>没错，我就是宇宙男神！</p>\r\n','2019-11-16 18:21:05.737803',6,'0',4,13,''),(15,'成长的意义','<p>成长，大概就是一个不断的学会接受自己不喜欢的事物的过程吧</p>\r\n','2019-11-23 12:31:21.979332',3,'0',4,1,'成长'),(16,'蔡康永的情商课','<p>15岁觉得游泳难，放弃游泳，后来遇到一个喜欢的人约你去游泳，你只好说&lsquo;我不会耶&rsquo;。18岁觉得英文难，放弃英文，28岁出现一个很棒但要会英文的工作，你只好说&lsquo;我不会耶&rsquo;。人生前期越嫌麻烦，越懒得学，后来就越可能错过让你动心的人、事，错过新风景，错过大好的机会。</p>\r\n','2019-11-23 12:41:59.496094',10,'0',4,1,'说话的艺术'),(17,'家里有这个东西的注意了，国家发文危害极大！','<p>家里有这个东西的注意了，国家发文危害极大！</p>\r\n','2019-11-29 11:36:57.411664',6,'0',4,1,NULL),(18,'学海图南','<p>请问有朋友会做可乐鸡翅吗？在线求助！</p>\r\n','2019-11-29 14:54:48.669599',5,'0',4,12,''),(19,'我太难了','<p>我太难了！我不会做饭！</p>\r\n','2019-11-29 14:55:32.104374',3,'0',4,12,''),(20,'记录今天的心情','<p>挂榜食府一楼的菜包太好吃了！明天还吃！</p>\r\n','2019-11-29 14:58:40.186612',1,'0',4,13,''),(21,'关于网站自动删除用户评论的说明','<p>我网站有个bug，总是莫名其妙自动删除评论。努力修复中T_T</p>\r\n','2019-11-22 16:47:12.000000',6,'0',2,1,NULL),(22,'网站菜谱功能模块上线，欢迎用户使用体验！','<p>经过多天呕心沥血不眠不休的高强度的搬砖行动，现在网站的菜谱功能模块已经完成上线，欢迎广大用户使用体验！同时，如在使用过程中遇到任何问题，请您及时向管理员反映，谢谢合作！</p>\r\n','2019-11-15 10:20:32.000000',5,'0',2,1,NULL),(23,'美食街功能上线，欢迎体验！','<p>美食街功能上线啦，我们致力于为您展示当地一些高质量的小吃店，欢迎浏览浏览！</p>\r\n','2019-11-18 16:57:08.000000',2,'0',2,1,NULL),(24,'视频日志模块完成！快来发布你的第一个VLOG吧','<p>经过连日来不眠不休高强度的搬砖工作，网站的视频日志模块终于完成啦！欢迎广大用户体验~快来发布你的第一个VLOG吧！</p>\r\n','2019-11-20 14:00:23.000000',1,'1',2,1,NULL),(25,'关于用户修改菜谱信息出错问题说明','<p>这个bug，总是莫名其妙的出错。已经在努力修复中了。T_T</p>\r\n','2019-12-02 17:07:00.820124',6,'0',2,1,NULL),(26,'“岭南之味”岭南花样厨神擂台赛决赛精彩纷呈','<p><span style=\"color:#000000\"><span style=\"font-size:12pt\"><span style=\"font-family:宋体\">11</span></span><span style=\"font-size:12pt\"><span style=\"font-family:宋体\">月24日，2019年第四届广西岭南风情文化旅游周&ldquo;岭南之味&rdquo;岭南花样厨神擂台赛决赛，在旺城广场南门广场举行。三支分别来自海口、顺德和梧州的年轻&ldquo;花样厨师&rdquo;队伍齐聚一堂，共同展示三地美食魅力，争夺&ldquo;花样厨神&rdquo;的称号。</span></span></span></p>\r\n\r\n<p><strong><span style=\"font-size:12pt\"><span style=\"font-family:宋体\"><span style=\"color:#000000\">互相挑战特色美食</span></span></span></strong></p>\r\n\r\n<p><span style=\"font-size:12pt\"><span style=\"font-family:宋体\"><span style=\"color:#000000\">决赛当天，三支参赛队需参加顺德美食专场、海口美食专场、梧州美食专场三场比拼。每场比赛由拟定主题的参赛队作为擂主，另外两支参赛队作为挑战者攻擂。三队同时烹饪本场赛事的两道指定菜式，烹饪结束后评委先试吃擂主的菜式，然后试吃两支挑战者队伍的菜式。如任意一队攻擂方分数高于擂主，为攻擂成功；若两队攻擂失败，为擂主守擂成功。</span></span></span></p>\r\n\r\n<p><span style=\"font-size:12pt\"><span style=\"font-family:宋体\"><span style=\"color:#000000\">当天上午，顺德美食专场的指定菜式为骨香桂花鱼、顺德四杯鸡，顺德参赛队作为擂主接受挑战。只见顺德队的厨师先将桂花鱼起肉，切成薄薄一片，然后一人负责搓打鱼肉成胶状，一人用竹签串起整条鱼骨。撑起成&ldquo;C&rdquo;形的鱼骨被放入八成油温的油中炸透后直立地摆在盘上，最后配上炒过的芦笋和鱼肉丸。而顺德四杯鸡则是顺德传统名菜，将鸡下锅上色，慢火加热浸热，取起切件，再淋上四杯调料调味。装盘后的四杯鸡色如琥珀，香味独特，吃起来皮爽肉滑、咸甘适宜。第一场比赛，顺德队守擂成功。</span></span></span></p>\r\n\r\n<p><span style=\"font-size:12pt\"><span style=\"font-family:宋体\"><span style=\"color:#000000\">海口美食专场的指定菜式为椰香文昌鸡和白切嘉积鸭。文昌鸡号称&ldquo;海南传统四大名菜之首&rdquo;，椰香烹煮过的鸡肉鲜美爽滑、香甜可口。嘉积鸭产于海南省嘉积镇，其脯大、皮薄、骨软、肉嫩、脂肪少，食之肥而不腻，味美而营养价值高。嘉积鸭最有名的做法是&ldquo;白斩&rdquo;，以这种方法烹煮的嘉积鸭最为原汁原味。比赛中，虽然三支队伍烹饪方法各有不同，但摆盘造型均获得了评委和观众的一致好评。海口队使出精细刀功，把苹果切片并拼凑成立体的树叶状；顺德队则用大红灯笼椒代替碟子装着鸡的酱汁；梧州队做出的椰香文昌鸡皮黄而透亮，用椰子壳做成的&ldquo;果篮&rdquo;和柠檬搭配造型也成为一大亮点。最终，第二场比赛梧州队攻擂成功。</span></span></span></p>\r\n\r\n<p><strong><span style=\"font-size:12pt\"><span style=\"font-family:宋体\"><span style=\"color:#000000\">梧州美食惊艳四座</span></span></span></strong></p>\r\n\r\n<p><span style=\"font-size:12pt\"><span style=\"font-family:宋体\"><span style=\"color:#000000\">梧州纸包鸡、葱油鱼是当天晚上梧州美食专场的指定菜式。葱油鱼是梧州特色美食之一，作为&ldquo;东道主&rdquo;的梧州队使用了油炸的方法进行烹制，率先出菜。顺德队与海口队分别用炒、蒸的方式创新制作。专业评委林潮带表示，梧州队的葱油鱼炸得比较甘香，顺德队的鱼去除了骨头，肉质嫩滑，葱和油的主题都体现了出来，三支队伍各有千秋。&ldquo;梧州队的葱油鱼大咸大甜，皮酥肉嫩，葱、油、酒都配合得很好，色香味俱全。&rdquo;大众评委容先生说。</span></span></span></p>\r\n\r\n<p><span style=\"font-size:12pt\"><span style=\"font-family:宋体\"><span style=\"color:#000000\">有着&ldquo;中国一绝&rdquo;美誉的梧州纸包鸡，同样惊艳了评委。梧州队先把鸡切成八大块，腌制后每块用玉扣纸包成长方形，并用夹子固定，再放入油锅中炸。专业评委潘发兴评价道：&ldquo;顺德的纸包鸡去除了骨头，运用了无骨鱼的技法，但是入味度、浓香度仍然是梧州队更胜一筹。&rdquo;</span></span></span></p>\r\n\r\n<p><span style=\"font-size:12pt\"><span style=\"font-family:宋体\"><span style=\"color:#000000\">当天，三地&ldquo;花样厨师&rdquo;各向大众展示了6道独具代表性的岭南美食。经过一整天的激烈竞逐，梧州队荣获本次比赛冠军，顺德队、海南队分获亚军、季军。</span></span></span></p>\r\n\r\n<p><span style=\"color:#000000; font-family:宋体\"><span style=\"font-size:16px\">（来源：梧州政府门户网）</span></span></p>\r\n','2019-11-25 09:30:25.000000',8,'0',1,1,NULL),(27,'岭南之味梧州美食江湖大会之遇上一座吃货的城市活动启动','<p><span style=\"font-size:12pt\"><span style=\"font-family:宋体\"><span style=\"color:#000000\">11月16日上午，由梧州日报社承办的第四届广西岭南风情文化旅游周活动之一的梧州美食江湖大会之遇见一座吃货的城市活动在鸳江丽港广场正式启动，10名知名旅游达人按照既定路线寻找梧州美食。</span></span></span></p>\r\n\r\n<p><span style=\"font-size:12pt\"><span style=\"font-family:宋体\"><span style=\"color:#000000\">当天上午，启动仪式过后，10名知名旅游达人在导航员的带领下分为五组，拿着《寻味地图》深入食肆茶楼、市井小巷到美食打卡点，一一品尝梧州的特色美食。在美食街的阿卿猪脚姜店内，旅游达人&ldquo;一朵ZSN&rdquo;从店主手中接过香喷喷的猪脚姜后便细细品尝起来，并录下视频，在网络平台上详尽地介绍猪脚姜的味道以及好处。&ldquo;我闻到香味，口水快要流下来了，这样的美食真让人难忘。&rdquo;入口即化的姜块、弹牙爽口的猪脚都让她赞叹不已。</span></span></span></p>\r\n\r\n<p><span style=\"font-size:12pt\"><span style=\"font-family:宋体\"><span style=\"color:#000000\">与此同时，其他旅游达人也纷纷在新浪微博平台上更新&ldquo;岭南之味&rdquo;话题的最新动态。&ldquo;邦记面食店的牛腩面很入味，而且汤汁香浓。&rdquo;&ldquo;锦艺粥店粥底味道鲜美，肉菜新鲜。&rdquo;&ldquo;这家老字号扣肉粉的猪骨汤让人食欲膨胀&hellip;&hellip;&rdquo;在导航员的带领以及店家的热情招待下，旅游达人们品尝着梧州最地道的美味之外，也不忘拿起自己的手中的相机、手机，记录下品尝到美味的过程和感受。</span></span></span></p>\r\n\r\n<p><span style=\"font-size:12pt\"><span style=\"font-family:宋体\"><span style=\"color:#000000\">在品尝美食的过程中，旅游达人们对梧州也有了更多的了解。&ldquo;我最喜欢分布在城市市井小巷的美食。&rdquo;来自湖南长沙的旅游达人 &ldquo;背着背包go&rdquo;表示，通过这样的活动，让他有机会更好地品尝到梧州的地道美食，感受到梧州当地人的生活习惯，也更能品味到梧州这座城市的味道。</span></span></span></p>\r\n\r\n<p><span style=\"font-size:12pt\"><span style=\"font-family:宋体\"><span style=\"color:#000000\">品一杯六堡茶，逛一逛&ldquo;砧板街&rdquo;，体验传统的捻面修眉&hellip;&hellip;品尝美食之余，旅游达人们也不忘与最具岭南特色的骑楼城来一场美丽&ldquo;约会&rdquo;。</span></span></span></p>\r\n\r\n<p><span style=\"font-size:12pt\"><span style=\"font-family:宋体\"><span style=\"color:#000000\">据了解，除了在新浪微博平台发起&ldquo;岭南之味&rdquo;话题外，旅游达人还在微信朋友圈、今日头条、搜狐网、途牛、百家号、点评、一点资讯等平台同步发布活动动态，并受到了网友的广泛关注。截至16日17时30分，仅&ldquo;岭南之味&rdquo;的微博话题阅读量就达50多万。</span></span></span></p>\r\n\r\n<p style=\"text-align:right\"><span style=\"font-size:12pt\"><span style=\"font-family:宋体\"><span style=\"color:#000000\">（来源：梧州政府门户网）</span></span></span></p>\r\n','2019-11-17 22:50:28.000000',12,'1',1,1,NULL),(28,'花样厨师弘扬岭南美食文化','<p>11月18日、19日举行的&ldquo;岭南花样厨神擂台赛&rdquo;，我市邀请了来自广西、广东、海南三省（区）民间厨艺高手汇聚梧州，举行厨艺大赛，展现年青一代厨艺技师风采，传承和弘扬岭南美食文化。</p>\r\n\r\n<p>&ldquo;岭南花样厨神擂台赛&rdquo;是2019年第四届广西岭南风情文化旅游周系列活动之一。由自治区文化和旅游厅、市政府主办，市委宣传部、市文广体和旅游局、梧州日报社等承办。活动旨在发扬博大精深的岭南饮食传统文化，传播健康而多元的饮食理念，呈现岭南美食名城的多彩风姿。</p>\r\n\r\n<p>本次赛事的参赛选手定位为广东、广西、海南三省区的年轻花样厨师（16-25岁）。根据参赛要求，每支参赛队伍限定为4人组成的团队，其中参赛队员为3人（2男1女或2女1男组成）、指导老师1人。协办方给予每个参赛队伍一定费用作为购买食材的经费，各队伍自定参赛菜式(凉菜、甜点不参评),自由购买食材到指定的初赛现场进行现场烹饪，菜肴完成后由协办方邀请的评委现场点评打分，决出初赛分赛场的冠亚季军，冠军队则作为本地代表到梧州参加决赛。</p>\r\n\r\n<p>据了解，11月10日，三省（区）同时发布&ldquo;厨神&rdquo;招募信息，广东的举办点为顺德，广西为梧州市，海南则为海口市。广东顺德初赛甄选时间为11月13日；梧州市、海口市初赛甄选时间均为11月14日。</p>\r\n\r\n<p style=\"text-align:right\">（来源：梧州零距离网）</p>\r\n','2019-11-11 22:58:00.000000',2,'0',1,1,NULL),(29,'知名美食达人来梧 品美食赏美景','<p>从早茶到夜宵，梧州人不仅爱吃，而且还挑吃，因此，在梧州的大街小巷，琳琅满目的美食店时时能令吃货们食指大动。为了让更多人能品味梧州美食，感受这座城市的饮食文化，梧州美食江湖大会之遇见一座吃货的城市活动将于11月16日正式启动。</p>\r\n\r\n<p>据悉，梧州美食江湖大会之遇见一座吃货的城市活动是第四届广西岭南风情文化旅游周活动之一，活动将邀请10名知名美食达人参与。他们来自与梧州相邻的广东、临近的湖南，以及同样拥有很多美食的福建和江苏。为了让美食达人们能够尽可能多地享受到不同种类的梧州美食，此次活动的承办方梧州日报社通过&ldquo;梧州美食江湖&rdquo;微信公众号，筛选出了最受关注的24个美食点作为接待美食达人的打卡点，并以此制作了一本&ldquo;梧州美食江湖寻味地图&rdquo;手册。手册囊括的24个美食打卡点，既有梧州特产美食冰泉豆浆、五福堂龟苓膏，又有梧州老字号的餐饮小食店粤北餐厅、粤友餐厅、醒醒田螺、阿卿猪脚姜，而且还有一些在市民心中极具梧州味道却又没有店名的&ldquo;巷里美味&rdquo;。</p>\r\n\r\n<p>据承办方的有关负责人何小姐介绍，24个美食打卡点将分到5条美食路线当中，11月16日活动启动仪式结束后，10名美食达人将分别沿着这5条美食路线，一边用味蕾感受梧州美食的魅力，一边欣赏梧州百年商埠、绿城水都的美景。&ldquo;美食达人们还会发布一些与梧州美食、美景相关的视频或者图文，与线上的网民进行互动。我们则根据他们发布的内容，最终综合评选出&lsquo;最受关注美食达人&rsquo;3名、&lsquo;美食攻略特别奖&rsquo;1名。&rdquo;何小姐说道。</p>\r\n','2019-11-14 12:59:00.000000',2,'0',1,1,NULL),(30,'巧手烹制岭南美食','<p style=\"text-align:justify\">美食是顺德的一张亮丽名片，年青一代厨艺技师在传承和弘扬正统粤菜方面有什么新创意？11月13日上午，&ldquo;岭南之味&rdquo;岭南花样厨神擂台赛（顺德站）在顺德区大良凤厨职业技术技能培训学校举行，参赛队伍在烹调正统粤菜时亮点频现。</p>\r\n\r\n<p style=\"text-align:justify\">&ldquo;岭南之味&rdquo;岭南花样厨神擂台赛是2019年第四届广西岭南风情文化旅游周系列活动之一，由自治区文化和旅游厅、梧州市政府主办，市委宣传部、市文广体和旅游局、梧州日报社等承办。顺德站擂台赛由佛山市顺德区伦教饮食协会承办，并以岭南美食为创意点，让年轻厨师促进技术交流，展现顺德美食文化。</p>\r\n\r\n<p style=\"text-align:justify\"><img src=\"http://www.wzljl.cn/images/2019-11/14/5a97dd97-3bcd-4585-865c-3f5b41c7d5e0.jpg\" /></p>\r\n\r\n<p style=\"text-align:justify\">要在30分钟内做好一道正统粤菜，时间相当紧凑，参赛队员正在全神贯注地烹调。</p>\r\n\r\n<p style=\"text-align:justify\">根据大赛规则，此次擂台赛参赛对象为顺德本地25岁以下的青年厨师，每组参赛队伍由四人组成，其中必须有一名女选手参与。而每组选手有30分钟的准备及做菜时间，菜品主题为正统粤菜。评委根据菜品的色、香、味及创新加分进行评分，顺德站擂台赛的评委分别是世界粤菜厨皇协会顺德分会会长、顺德名厨林潮带，国家中式烹饪高级技师、中华金厨奖获得者吴添权，顺德厨师协会常务副会长、顺德名厨马澄根。</p>\r\n\r\n<p style=\"text-align:justify\"><img src=\"http://www.wzljl.cn/images/2019-11/14/4b1c57e9-aebb-4a44-a66b-4c2e1bb9f283.jpg\" /></p>\r\n\r\n<p style=\"text-align:justify\">菜品&ldquo;古法煎鳝拼串烧鳝&rdquo;</p>\r\n\r\n<p style=\"text-align:justify\">顺德站擂台赛吸引顺德知名餐饮企业的六支战队前来叫阵。擂台赛一开始，各队选手纷纷使出浑身解数，拿出绝技一决高下。与此同时，三名评委穿梭现场点评、指导参赛队伍。限定时间内，各队选手的菜式顺利完成，评委们立即上前品尝，认真地为每一道菜进行综合评分。评委林潮带说，他印象最深的两道菜分别是&ldquo;清油泼海豹蛇&rdquo;和&ldquo;古法煎鳝拼串烧鳝&rdquo;，前者青翠鲜亮的菜色十分吸引人，而后者则以层次分明的口感征服了他的味蕾。</p>\r\n\r\n<p style=\"text-align:justify\">&nbsp;</p>\r\n\r\n<p style=\"text-align:justify\"><img src=\"http://www.wzljl.cn/images/2019-11/14/a821cf94-c2e6-402a-9fd5-cacd1de385fa.jpg\" /></p>\r\n\r\n<p style=\"text-align:justify\">&ldquo;试吃团&rdquo;成员在品尝参赛菜品。</p>\r\n\r\n<p style=\"text-align:justify\">在美食擂台赛现场，20名&ldquo;试食团&rdquo;成员应邀到场观赛并品味美食。&ldquo;试食团&rdquo;成员刘女士和她的女儿不仅品尝了参赛的所有菜品，还全程观看了厨师们的一系列工作，现场&ldquo;偷师&rdquo;，&ldquo;我们对做菜火候把握、刀工、摆盘等操作都有了更深一层地了解&rdquo;。</p>\r\n\r\n<p style=\"text-align:justify\">经过一番激烈比拼，珍宝精英队凭借菜式&ldquo;清油泼海豹蛇&rdquo;获得顺德站擂台赛冠军，并将代表顺德出征岭南花样厨神擂台赛总决赛。香江德胜战队凭借菜式&ldquo;古法煎鳝拼串烧鳝&rdquo;获亚军，花样飞跃队凭借菜式&ldquo;鲍罗万有&rdquo;获季军。据悉，岭南花样厨神擂台赛总决赛于11月18日至19日在梧州举行，届时广西、广东、海南三省（区）民间厨艺高手将汇聚一堂，切磋厨艺。</p>\r\n\r\n<p style=\"text-align:right\">（来源：梧州零距离网）</p>\r\n','2019-11-14 13:00:16.000000',4,'0',1,1,NULL),(31,'“寻找梧州网络新主播”大赛进入决赛环节','<p style=\"text-align:justify\">经过前期激烈的全网海选，阳光100三祺城特约2019年&ldquo;寻找梧州网络新主播&rdquo;大赛海选已告一段落。11月19日晚，活动主办方举办短视频制作培训会，向进入决赛的选手讲解短视频制作思路及技巧，并介绍决赛规则与任务，由此拉开了决赛的序幕。</p>\r\n\r\n<p style=\"text-align:justify\">据了解，在本次网络新主播大赛海选阶段，主办方收到了数十位网络达人的创作视频，这些视频在各视频平台上的点击播放量总计超过100万次。经过专业评委评审，并结合视频点赞量和网络反响，最终&ldquo;熊猫资深黑眼圈&rdquo;&ldquo;林仔&rdquo;&ldquo;Smile&rdquo;&ldquo;可以叫我小颖&rdquo;等共17组选手脱颖而出，闯入决赛。</p>\r\n\r\n<p style=\"text-align:justify\">据悉，决赛沿用&ldquo;抖动你的倾城时光&rdquo;主题，以推介梧州特色美景美食、人文故事等为主要内容，选手们要在三天（11月22日至24日）时间内完成一段50秒至90秒的短视频，拼创意、拼文案、拼表现能力，展现个人特长，为梧州代言。决赛作品统一在梧州零距离网进行展示和投票，大赛将根据专业评委和网络投票分数得出最终结果。</p>\r\n\r\n<p style=\"text-align:justify\">本次大赛由梧州市正向新媒体投资管理有限责任公司、交投地产&middot;阳光100三祺城联合主办，广西价值在握电子商务有限公司、立声文化艺术品牌、热靴HOTSHOE协办，设置有最佳网络主播奖、最具网络人气奖、最佳上镜奖、最具潜力奖四大奖项。获奖者除了能获得相应奖金外，还有机会成为&ldquo;正向新媒体&rdquo;签约主播，担任梧州日报社承办的重要活动的出镜主持。</p>\r\n\r\n<p style=\"text-align:right\">（文章来源：梧州零距离网）</p>\r\n','2019-11-21 23:03:52.000000',2,'0',1,1,NULL),(32,'“花样厨师” 展示三地美食魅力','<p>11月24日，2019年第四届广西岭南风情文化旅游周&ldquo;岭南之味&rdquo;岭南花样厨神擂台赛决赛，在旺城广场南门广场举行。三支分别来自海口、顺德和梧州的年轻&ldquo;花样厨师&rdquo;队伍齐聚一堂，共同展示三地美食魅力，争夺&ldquo;花样厨神&rdquo;的称号。</p>\r\n\r\n<p><strong>互相挑战特色美食</strong></p>\r\n\r\n<p>决赛当天，三支参赛队均需参加顺德美食专场、海口美食专场、梧州美食专场等三场比拼。每场比赛由拟定主题的参赛队作为擂主，另外两支参赛队则以挑战者的身份攻擂。三队同时烹饪本场赛事的两道指定菜式，烹饪结束后评委先试吃擂主的菜式，然后再试吃两支挑战者队伍的菜式。如任意一队攻擂方分数高于擂主，则属攻擂成功；若两队挑战者同时攻擂失败，则擂主守擂成功。</p>\r\n\r\n<p>当天上午，顺德美食专场的指定菜式为骨香桂花鱼、顺德四杯鸡，顺德参赛队作为擂主接受挑战。只见顺德队的厨师先将桂花鱼起肉，切成薄薄一片，然后一人负责搓打鱼肉成胶状，一人用竹签串起整条鱼骨。撑起成&ldquo;C&rdquo;形的鱼骨被放入八成油温的油中炸透后直立地摆在盘上，最后配上炒过的芦笋和鱼肉丸。而顺德四杯鸡则是顺德菜当中一道传统名菜，将鸡下锅上色，慢火加热浸热，取起切件，再淋上四杯调料调味。装盘后的四杯鸡色如琥珀，香味独特，吃起来皮爽肉滑、咸甘适宜。第一场比赛，顺德队守擂成功。</p>\r\n\r\n<p><img src=\"http://www.wzljl.cn/images/2019-11/25/8cef8a64-695a-4d01-9f37-549fe6e77673.jpg\" /></p>\r\n\r\n<p>顺德队队员精心进行菜肴摆盘。 杨扬 摄</p>\r\n\r\n<p>海口美食专场的指定菜式为椰香文昌鸡和白切嘉积鸭。文昌鸡号称&ldquo;海南传统四大名菜之首&rdquo;，椰香烹煮过的鸡肉鲜美爽滑、香甜可口。嘉积鸭产于海南省嘉积镇，其脯大、皮薄、骨软、肉嫩、脂肪少，食之肥而不腻，味美而营养价值高。嘉积鸭最有名的做法是&ldquo;白斩&rdquo;，以这种方法烹煮的嘉积鸭最为原汁原味。在这一场次的比赛中，虽然三支队伍烹饪方法各有不同，但摆盘造型均获得了评委和观众的一致好评。海口队使出精细刀功，把苹果切片并拼凑成立体的树叶状；顺德队则用大红灯笼椒代替碟子装着鸡的酱汁；梧州队做出的椰香文昌鸡皮黄而透亮，用椰子壳做成的&ldquo;果篮&rdquo;和柠檬搭配造型也成为一大亮点。最终，第二场比赛梧州队攻擂成功。</p>\r\n\r\n<p><img src=\"http://www.wzljl.cn/images/2019-11/25/df7f485c-1aa9-47bc-a640-94104c8fa6c6.jpg\" /></p>\r\n\r\n<p>在梧州美食专场，擂主梧州队对于本地名菜葱油鱼的制作信心满满。 杨扬 摄</p>\r\n\r\n<p>&nbsp;</p>\r\n\r\n<p><img src=\"http://www.wzljl.cn/images/2019-11/25/72a77322-5a94-4850-9a49-bb7b8b7bc591.jpg\" /></p>\r\n\r\n<p>比赛中，每一道佳肴都考验着选手的刀功。 杨扬 摄</p>\r\n\r\n<p><strong>梧州美食惊艳四座</strong></p>\r\n\r\n<p>梧州纸包鸡、葱油鱼是当天晚上梧州美食专场的指定菜式。葱油鱼是梧州当地特色美食之一，深受市民认可。作为&ldquo;东道主&rdquo;的梧州队使用了油炸的方法进行烹制，率先出菜。顺德队与海口队则有不一样的创作思路，分别用炒、蒸的方式进行创新制作。专业评委林潮带表示，梧州队的葱油鱼炸得比较甘香，顺德队的鱼去除了骨头，肉质嫩滑，葱和油的主题都体现了出来，三支队伍各有千秋。&ldquo;梧州队的葱油鱼大咸大甜，皮酥肉嫩，葱、油、酒都配合得很好，色香味俱全。&rdquo;大众评委容先生说。</p>\r\n\r\n<p><img src=\"http://www.wzljl.cn/images/2019-11/25/1f921c6e-6a1d-487a-abd3-762781572a87.jpg\" /></p>\r\n\r\n<p>&nbsp; &nbsp; &nbsp; &nbsp;成菜一经亮相，马上吸引到众人的关注。 记者 杨扬 摄</p>\r\n\r\n<p>有着&ldquo;中国一绝&rdquo;美誉的梧州纸包鸡，同样惊艳了评委。梧州队先把鸡切成八大块，腌制后每块用玉扣纸包成长方形，并用夹子夹实固定，再放入油锅中炸。专业评委潘发兴评价道：&ldquo;顺德的纸包鸡去除了骨头，运用了无骨鱼的技法，但是入味度、浓香度仍然是梧州队更胜一筹。&rdquo;</p>\r\n\r\n<p>当天，三地&ldquo;花样厨师&rdquo;各向大众展示了6道独具代表性的岭南美食。经过一整天的激烈竞逐，梧州队荣获本次比赛的冠军，顺德队、海南队则分获亚军、季军。</p>\r\n\r\n<p>&nbsp;</p>\r\n\r\n<p>作为三支参赛队伍中最年轻的一队，梧州队的队员们在大赛中发挥出色，成功夺得冠军</p>\r\n\r\n<p><strong>苦练+创意成就&ldquo;花样厨神&rdquo;</strong>&nbsp;</p>\r\n\r\n<p>&nbsp;</p>\r\n\r\n<p>18岁的黄汶龙、19岁的孙于深、17岁的罗燕妹，在&ldquo;岭南之味&rdquo;岭南花样厨神擂台赛决赛中，梧州队的队员是三支参赛队伍中最年轻的一队。然而，他们不仅烹饪技术熟练，而且还在当天的比赛中发挥出色，先在海口美食专场中以&ldquo;黑马&rdquo;姿态攻下擂主海口队，又在梧州美食专场中守擂成功。最终，这支年轻的队伍将本次大赛的冠军收入囊中。</p>\r\n\r\n<p><img src=\"http://www.wzljl.cn/images/2019-11/25/f3ab5559-a73b-4fa7-90a6-48bb4012f0cb.jpg\" /></p>\r\n\r\n<p>&nbsp;在梧州美食专场，擂主梧州队对于本地名菜葱油鱼的制作信心满满。 杨扬 摄</p>\r\n\r\n<p>&ldquo;当天的稳定发挥得益于平时的刻苦练习，俗话说&lsquo;功多艺熟&rsquo;。&rdquo;黄汶龙说道。原来，大赛中顺德、海口的四个菜品都是梧州队队员们此前从未接触过的。为了取得好成绩，队员们先是上网查询了两地的人文风情和饮食口味，然而再在导师的指导下，利用课余时间将各个菜品都练习了一遍。</p>\r\n\r\n<p>&nbsp;</p>\r\n\r\n<p>而对于梧州美食专场的比拼，队员们则是信心满满。罗燕妹表示，葱油鱼、纸包鸡是梧州本地菜式，大家都对这两个菜比较有信心，希望可以凭借在这一专场守擂成功，向亚军发起冲刺。而出乎意料的是，经过大家的努力，最终夺得冠军。队员们都认为，在葱油鱼、纸包鸡两道梧州美食的稳定发挥之上，海南菜式椰香文昌鸡的创意之作是大家获胜的重要因素之一。梧州队带来的椰香文昌鸡，是在传统做法上进行了创新，在浸鸡完成出锅时，再用椰汁浇淋一遍，让鸡肉中的椰香味更加浓郁，然后用大葱在鸡的表面涂油，让鸡的色泽更加光鲜亮丽。而用椰子壳进行摆盘造型则起到画龙点睛之效。</p>\r\n','2019-11-25 23:05:05.000000',3,'0',1,1,NULL),(33,'传承创新琼菜美食文化','<p style=\"text-align:justify\">&ldquo;椰子鸡豆花&rdquo;&ldquo;蒜香羊排&rdquo;&ldquo;豌豆芙蓉鸡片&rdquo;&ldquo;招牌海鲜佛跳墙&rdquo;&hellip;&hellip;随着一道道诱人美食的依次亮相，现场观众掌声不断。11月14日，2019年第四届广西岭南风情文化旅游周&ldquo;岭南之味&rdquo;岭南花样厨神擂台赛（海南海口赛区选拔赛）在海口市龙华区滨濂观光夜市举行。活动通过厨艺大比拼，展现年青一代的厨艺风采，传承创新琼菜美食文化。</p>\r\n\r\n<p style=\"text-align:justify\">据了解，岭南花样厨神擂台赛（海南海口赛区选拔赛）由梧州市文化广电体育和旅游局主办，海口日报社承办。海口选拔赛选出的优秀选手代表，将到梧州参加总决赛。比赛中，各选手纷纷在刀光火影中亮出拿手绝活，将本土食材发挥到美味极致。据了解，参赛作品均采用本土知名食材，文昌鸡、东山羊、椰子、海南季节性蔬菜等。更有选手将素食原材料还原高档原材料的形态，打造成高端大气、造型美观的&ldquo;硬菜&rdquo;，让观众啧啧称叹。</p>\r\n\r\n<p style=\"text-align:justify\">&ldquo;这道菜造型不错。&rdquo;&ldquo;这个香味更浓一些。&rdquo;&ldquo;这个做法比较创新。&rdquo;&hellip;&hellip;在评审席上，由餐饮行业业内人士组成的评审团对菜品进行了一一品尝，并对菜品进行了点评。其中&ldquo;竹笋素拼&rdquo;这道菜着实&ldquo;惊艳&rdquo;了评审团的味蕾，获得了海南海口赛区选拔赛的冠军。参赛选手韦覃龙来自广西河池，他说，之所以选择这道菜参赛，是根据自己所学的热菜和拼盘专业特长，食材选用了肉松、大虾、土豆泥等，经过调味制作而成。该道菜品不仅口味鲜美，在摆盘上也独具特色，由黄瓜制作的竹竿造型以及心里美萝卜制作的火龙果形状栩栩如生。</p>\r\n\r\n<p style=\"text-align:justify\">专家介绍，岭南地区主要包括广东、广西、海南等省区。岭南独特的地理人文环境形成了独特的饮食文化，传统美食自有其令人垂涎三尺的独特魅力。其中，琼菜历史渊源深厚，食材&ldquo;海产万类，陆产千名&rdquo;，食艺对闽粤技法、黎苗回风味、南洋风情包容并蓄，加之海南人恬淡豁达的性情，在调和传统五味时，自成章法，许多琼味美食由此而生。中国烹饪大师、五星级行政总厨庄裕伦评委介绍，此次参赛选手表现十分突出，他们都在烹饪上大胆创新，且比赛菜品色香味俱全，充分展现海南餐饮特色，希望今后多举办这样的活动，做大做强海口特色美食品牌。</p>\r\n\r\n<p style=\"text-align:right\">（文章来源：梧州零距离网）</p>\r\n','2019-11-15 23:11:12.000000',1,'0',1,1,NULL),(34,'你好呀aaa','<p>十二月你好</p>\r\n','2019-12-04 09:25:35.285774',1,'0',4,13,''),(38,'生活可爱，万物明朗','<p>好累啊</p>\r\n','2019-12-26 16:13:10.426529',3,'0',4,1,''),(39,'这家广州人开了12年的竹升面馆，承包了多少梧州人的早午餐','<p>吃河粉要上梧州，吃面就要下广州，一上一下间，滋味乐无穷。</p>\r\n\r\n<p style=\"text-align:center\"><img src=\"http://www.wzljl.cn/images/2019-12/02/aaee47c3-4494-421f-9a88-bbc7cd4eb00d.jpg\" style=\"max-width:100%\" /></p>\r\n\r\n<p>说起云吞面，估计许多梧州人第一反应就是&ldquo;雷氏云吞面&rdquo;。这家面店从2007年的一家店，到现在开满街头巷尾，可想而知有多受本地人欢迎。而雷氏面家的老板泉叔，早已成为早餐一族的&ldquo;男神&rdquo;。</p>\r\n\r\n<p style=\"text-align:center\"><img src=\"http://www.wzljl.cn/images/2019-12/02/0d820e4a-f03b-4233-9396-3be2ea71e029.jpg\" style=\"max-width:100%\" /></p>\r\n\r\n<p><span style=\"color:#548dd4\">老板泉叔</span></p>\r\n\r\n<p>其实泉叔不姓&ldquo;雷&rdquo;，而是姓&ldquo;黎&rdquo;，那为何要取名&ldquo;雷氏&rdquo;呢？</p>\r\n\r\n<p style=\"text-align:center\"><img src=\"http://www.wzljl.cn/images/2019-12/02/30c85bf9-4227-4dc2-9c1d-f5cfe984897d.jpg\" style=\"max-width:100%\" /></p>\r\n\r\n<p><span style=\"color:#548dd4\">原来泉叔是广东广州人，家里在广州本就是做竹升面的，我们经常在雷氏面家看见的这张照片上的老人，就是泉叔的兄长。</span></p>\r\n\r\n<p>2007年，泉叔应好友邀请，来到梧州开店，思来想去，如果用&ldquo;黎氏&rdquo;这名字本地人比较陌生，而朋友姓雷是本地人，用雷氏的名字会让人更有印象，便取名&ldquo;雷氏&rdquo;。</p>\r\n\r\n<p style=\"text-align:center\"><img src=\"http://www.wzljl.cn/images/2019-12/02/6ca2be52-520d-44ce-af85-88cfe20b62c5.jpg\" style=\"max-width:100%\" /></p>\r\n\r\n<p>爽脆弹牙，韧性十足，是所有人对竹升面的第一印象。</p>\r\n\r\n<p style=\"text-align:center\"><img src=\"http://www.wzljl.cn/images/2019-12/02/763c3711-1487-420a-9a27-f6479efb90e3.jpg\" style=\"max-width:100%\" /></p>\r\n\r\n<p>竹升面是广州传统面食，起源于民国时期，广东人因&ldquo;竿&rdquo;音不吉利而改称&ldquo;升&rdquo;。高筋面粉与大量鸭蛋、碱水混合成面团稍作发酵后，置于碗口粗的竹升（大茅竹竿）下，工人骑坐在竹竿上做弹跳的动作，一边弹跳一边翻压面团，使其均匀受力，这样能把面团压得格外筋道，做出的竹升面弹牙爽口，是老广们早餐最喜欢的美食之一。</p>\r\n\r\n<p style=\"text-align:center\"><img src=\"http://www.wzljl.cn/images/2019-12/02/8568abb9-5e22-4e4e-951c-eb4d58e156b6.jpg\" style=\"max-width:100%\" /></p>\r\n\r\n<p>其实吃面和做人都不复杂，做人要有人情味，就要回归本心；而面要有面的本味，就要在原材料与制作技艺上下苦工，&ldquo;我们的面用的都是高筋面粉，价钱高，但是保持了面的爽脆口感。&rdquo;泉叔说道。</p>\r\n\r\n<p>梧州处于两广交接点，对广东一带的饮食接受程度都很高，没想到来自广州的雷氏竹升面，在初到梧州时，也会有点&ldquo;水土不服&rdquo;。</p>\r\n\r\n<p>&ldquo;传统的竹升面需要放鸭蛋制作，鸭蛋青黏性大，做出的面非常紧致。但是我们初到梧州时，很多本地人都说面有点硬，吃不惯那么脆的面，我们就把鸭蛋换成了鸡蛋，降低了面的弹脆度。这样改良过的面就比较符合梧州人的口感。&rdquo;泉叔向食侠解释。</p>\r\n\r\n<p>一般云吞面汤底有两种，猪骨汤底和海鲜汤底。雷氏面家选用的汤底为海鲜汤底，用大地鱼和虾皮等材料熬制，每一口都是来自大海的鲜香。</p>\r\n\r\n<p style=\"text-align:center\"><img src=\"http://www.wzljl.cn/images/2019-12/02/5077e540-c476-4b65-b887-31943a639009.jpg\" style=\"max-width:100%\" /></p>\r\n\r\n<p><span style=\"color:#548dd4\">制作云吞的猪肉一般选用猪的肩胛肉，这个部位肉味丰富，既带筋又有油脂，口感丰富肉味浓厚，非常好吃。</span></p>\r\n\r\n<p>&nbsp;</p>\r\n\r\n<p style=\"text-align:center\"><img src=\"http://www.wzljl.cn/images/2019-12/02/c29eab1b-658d-474d-9778-16e347a81684.jpg\" style=\"max-width:100%\" /></p>\r\n\r\n<p><span style=\"color:#548dd4\">食侠吃雷氏云吞面，喜欢单点一碟红葱头捞面，和一碗净云吞。面和汤分开，更能品尝出两者的本味。</span></p>\r\n\r\n<p>&nbsp;</p>\r\n\r\n<p style=\"text-align:center\"><img src=\"http://www.wzljl.cn/images/2019-12/02/722bb4d7-b0be-4259-87c9-07b9139549d0.jpg\" style=\"max-width:100%\" /></p>\r\n\r\n<p>猪油和云吞面一直是绝配，一点豉油加上两筷子红葱头末，滚烫的猪油一淋下，红葱头被烫得&ldquo;吱吱&rdquo;叫唤，葱香味顿时飘了出来。搅拌好的云吞面，泛着晶莹的油光，入嘴顺滑无比，牙齿每咬断一根面条，面条好像脱离束缚一样，在嘴里不停地弹跳和甩动，又爽又弹。</p>\r\n\r\n<p>吃了捞面觉得口干时，连汤舀起一个云吞，分两口吞下，有汤有肉，鲜美无比。</p>\r\n\r\n<p>现在街上很多雷氏面家的加盟店，而泉叔自己开的就有三家，四中对面一家，潘塘月桂花城附近一家，还有一家就是位于三云酒店附近的这一家，才开没多久，但味道依旧保持。</p>\r\n\r\n<p style=\"text-align:center\"><img src=\"http://www.wzljl.cn/images/2019-12/02/c2917a82-5801-455f-aded-d25ea698eb95.jpg\" style=\"max-width:100%\" /></p>\r\n\r\n<p><span style=\"color:#548dd4\">新开的雷氏面家三云分店</span></p>\r\n\r\n<p>一碗竹升云吞面，一碗烟火人生味，梧州街头的广式老味道，不过就是生活中的真知味。</p>\r\n\r\n<p><strong>地址：万秀区蝶山一路35号8号铺（城市便捷酒店旁）</strong></p>\r\n\r\n<p><strong>营业时间：早上7点至晚上8点</strong></p>\r\n\r\n<p>&nbsp;</p>\r\n\r\n<p style=\"text-align:right\">（文章来源：梧州零距离网）</p>\r\n','2019-12-28 21:14:56.622376',3,'0',1,1,NULL),(40,'播放量超100万、投票数超40万，2019“寻找梧州网络新主播”大赛获奖名单出炉','<table border=\"0\" cellpadding=\"0\" cellspacing=\"0\" style=\"width:100%\">\r\n	<tbody>\r\n		<tr>\r\n			<td>\r\n			<p>12月14日晚，阳光100三祺城特约2019&ldquo;寻找梧州网络新主播&rdquo;大赛颁奖典礼，在三祺城圆满落幕。梧州新一届&ldquo;网红&rdquo;在这里正式诞生！</p>\r\n\r\n			<p style=\"text-align:center\"><img src=\"http://www.wzljl.cn/images/2019-12/16/87cb2445-4c09-4ac3-8bf7-f9193a3957a9.jpg\" style=\"max-width:100%\" /></p>\r\n\r\n			<p style=\"text-align:center\"><img src=\"http://www.wzljl.cn/images/2019-12/16/893e719e-d215-4804-9c5c-d4c43d2d19be.jpg\" style=\"max-width:100%\" /></p>\r\n\r\n			<p><span style=\"color:#0070c0\">颁奖典礼吸引众多市民围观。</span></p>\r\n\r\n			<p>本次大赛由梧州市正向新媒体投资管理有限责任公司、交投地产&middot;阳光100三祺城联合主办，广西价值在握电子商务有限公司、立声文化艺术品牌、HOTSHOE热靴协办，旨在发掘有创意、有能力的短视频达人，打造新一代梧州网络主播。</p>\r\n\r\n			<p>颁奖典礼上，决赛选手纷纷亮相，为现场观众带来舞蹈、诗朗诵、唱歌等才艺表演，展现个人魅力，博得现场观众阵阵喝彩。</p>\r\n\r\n			<p style=\"text-align:center\"><img src=\"http://www.wzljl.cn/images/2019-12/16/4e02131e-7189-4859-b0c8-9ebbf6e454e5.jpg\" style=\"max-width:100%\" /></p>\r\n\r\n			<p><span style=\"color:#0070c0\">选手谢韵、雨燕带来了精彩的古风舞蹈《寄明月》。</span></p>\r\n\r\n			<p>&nbsp;</p>\r\n\r\n			<p style=\"text-align:center\"><img src=\"http://www.wzljl.cn/images/2019-12/16/5aaf4c93-f508-496d-9b68-e22236d7cc4e.jpg\" style=\"max-width:100%\" /></p>\r\n\r\n			<p><span style=\"color:#0070c0\">选手凉心（右）和小伙伴深情演唱《背对背拥抱》。</span></p>\r\n\r\n			<p>&nbsp;</p>\r\n\r\n			<p style=\"text-align:center\"><img src=\"http://www.wzljl.cn/images/2019-12/16/fd6134b4-e3e2-453d-b481-49a6f72d3391.jpg\" style=\"max-width:100%\" /></p>\r\n\r\n			<p><span style=\"color:#0070c0\">选手宋韦颖带来帅气舞蹈slay全场。</span></p>\r\n\r\n			<p>&nbsp;</p>\r\n\r\n			<p style=\"text-align:center\"><img src=\"http://www.wzljl.cn/images/2019-12/16/31d4f48f-34d8-41a6-a0b3-44c75d107b92.jpg\" style=\"max-width:100%\" /></p>\r\n\r\n			<p><span style=\"color:#0070c0\">选手徐海林深情演唱《凌晨三点》。</span></p>\r\n\r\n			<p>&nbsp;</p>\r\n\r\n			<p style=\"text-align:center\"><img src=\"http://www.wzljl.cn/images/2019-12/16/d3912357-b5ea-492e-8907-4b7d95f10a39.jpg\" style=\"max-width:100%\" /></p>\r\n\r\n			<p><span style=\"color:#0070c0\">选手徐莉朗诵感人至深的《爱与和平》。</span></p>\r\n\r\n			<p>&nbsp;</p>\r\n\r\n			<p style=\"text-align:center\"><img src=\"http://www.wzljl.cn/images/2019-12/16/3bbf7eba-cbdd-4da2-aaf1-4ee57f3711c1.jpg\" style=\"max-width:100%\" /></p>\r\n\r\n			<p><span style=\"color:#0070c0\">选手袁招招带来活力满满的歌曲表演。</span></p>\r\n\r\n			<p>&nbsp;</p>\r\n\r\n			<p style=\"text-align:center\"><img src=\"http://www.wzljl.cn/images/2019-12/16/f75a3bbe-f524-407e-8ef1-8c951e1ee2f6.jpg\" style=\"max-width:100%\" /></p>\r\n\r\n			<p><span style=\"color:#0070c0\">选手梁罗燕（中）教观众客家话，是活跃气氛的小能手。</span></p>\r\n\r\n			<p>&nbsp;</p>\r\n\r\n			<p style=\"text-align:center\"><img src=\"http://www.wzljl.cn/images/2019-12/16/ab8a3964-15e5-4473-a540-edfb444575cc.jpg\" style=\"max-width:100%\" /></p>\r\n\r\n			<p><span style=\"color:#0070c0\">人称&ldquo;梧州陈奕迅&rdquo;的选手&ldquo;蛀牙&rdquo;演唱歌曲《碌卡》，将全场气氛带向高潮。</span></p>\r\n\r\n			<p>&nbsp;</p>\r\n\r\n			<p style=\"text-align:center\"><img src=\"http://www.wzljl.cn/images/2019-12/16/80ccfd3d-8f28-4208-8769-84ead7278e7e.jpg\" style=\"max-width:100%\" /></p>\r\n\r\n			<p><span style=\"color:#0070c0\">精彩的表演让观众们纷纷举起手机拍摄。</span></p>\r\n\r\n			<p>本次大赛共设&ldquo;最佳网络主播奖&rdquo;&ldquo;最具网络人气奖&rdquo;&ldquo;最佳上镜奖&rdquo;&ldquo;最具潜力奖&rdquo;四大奖项。获奖者除了获得相应奖金和奖杯外，还成为&ldquo;正向新媒体&rdquo;签约主播，获得梧州日报社承办的重要活动的出镜主持机会。</p>\r\n\r\n			<p style=\"text-align:center\"><img src=\"http://www.wzljl.cn/images/2019-12/16/2452712c-87ad-47f3-91c9-a2d90e8882bd.jpg\" style=\"max-width:100%\" /></p>\r\n\r\n			<p><span style=\"color:#0070c0\">活动主办方与决赛选手签约。</span></p>\r\n\r\n			<p>本次大赛以&ldquo;抖动你的倾城时光&rdquo;为主题，以推介梧州特色美景美食、人文故事等为主要内容。大赛于10月拉开序幕，在海选阶段，主办方收到了数十位网络达人制作的创意短视频，在各视频平台上的点击播放量总计超过100万。</p>\r\n\r\n			<p>经过激烈的全网海选，张爵年、陈君瑶、雨燕、凉心、梁罗燕、罗芳云和徐莉（组合）、戚婷婷、张茸茸4人组合、宋韦颖、谢韵、徐海林、袁招招、钟培源、蛀牙、卓芯茹共15组选手晋级决赛。</p>\r\n\r\n			<p>决赛阶段，各组选手在72小时内构思、拍摄、剪辑制作一段突显梧州元素、为梧州代言的短视频，拼创意、拼才艺。决赛网络投票阶段，选手决赛视频投票页面总投票量超40万，吸引了不少网友关注并&ldquo;打call&rdquo;。</p>\r\n\r\n			<p>经过紧张比拼，最终，选手袁招招脱颖而出，获得&ldquo;最佳网络主播奖&rdquo;；选手雨燕获&ldquo;最具网络人气奖&rdquo;；选手谢韵获&ldquo;最佳上镜奖&rdquo;；选手梁罗燕、罗芳云与徐丽（组合）、徐海林、张爵年获&ldquo;最具潜力奖&rdquo;。</p>\r\n\r\n			<p style=\"text-align:center\"><img src=\"http://www.wzljl.cn/images/2019-12/16/22e69de4-44bb-427b-bc1e-c10a24fbdd7f.jpg\" style=\"max-width:100%\" /></p>\r\n\r\n			<p><span style=\"color:#0070c0\">选手袁招招获&ldquo;最佳网络主播奖&rdquo;。</span></p>\r\n\r\n			<p>&nbsp;</p>\r\n\r\n			<p style=\"text-align:center\"><img src=\"http://www.wzljl.cn/images/2019-12/16/d47b5c94-d556-4cd3-8910-9c7dc66a3827.jpg\" style=\"max-width:100%\" /></p>\r\n\r\n			<p><span style=\"color:#0070c0\">选手雨燕获&ldquo;最具网络人气奖&rdquo;。</span></p>\r\n\r\n			<p>&nbsp;</p>\r\n\r\n			<p style=\"text-align:center\"><img src=\"http://www.wzljl.cn/images/2019-12/16/a815e075-7075-4186-b01c-32e3d364d2d3.jpg\" style=\"max-width:100%\" /></p>\r\n\r\n			<p><span style=\"color:#0070c0\">选手谢韵获&ldquo;最佳上镜奖&rdquo;。</span></p>\r\n\r\n			<p>&nbsp;</p>\r\n\r\n			<p style=\"text-align:center\"><img src=\"http://www.wzljl.cn/images/2019-12/16/6fcc2c89-640d-417e-8026-e220bb337de4.jpg\" style=\"max-width:100%\" /></p>\r\n\r\n			<p><span style=\"color:#0070c0\">四组选手获&ldquo;最具潜力奖&rdquo;。</span></p>\r\n\r\n			<p>快来听听获奖选手的参赛感想吧~</p>\r\n\r\n			<p>在众多选手中脱颖而出，摘获&ldquo;最佳网络主播奖&rdquo;，袁招招觉得既惊喜又意外。她说，有幸获得最佳网络主播奖，十分开心。除了感谢正向新媒体公司提供了展示的平台，也十分感激一直以来支持和信赖自己的亲友们。</p>\r\n\r\n			<p>袁招招还得到了本次大赛评委们的高度认可。评委们认为，袁招招的笑容给他们留下了深刻印象，她不仅把笑容留在了观众心中，也把笑容融入到了梧州骑楼城当中。袁招招是本次大赛中以网络主播形式代言梧州的最佳者。</p>\r\n\r\n			<p style=\"text-align:center\"><img src=\"http://www.wzljl.cn/images/2019-12/16/7996b4ce-045d-4d30-94c6-71f88aba862d.jpg\" style=\"max-width:100%\" /></p>\r\n\r\n			<p><span style=\"color:#0070c0\">比赛结束后，选手们开心地合影留念。</span></p>\r\n\r\n			<p>谢韵在获得&ldquo;最佳上镜奖&rdquo;后，即场和大家分享了她的创作经历。她说，自己是一名汉服爱好者，平时也经常刷抖音。在创作时，自己就构思着如何把古代元素和现代风格相结合，龙母庙作为梧州一个历史悠久的景点，有很多传说和故事，所以她选择了龙母庙作为其中一个场景，运用类似展现前世今生的表现手法来完成这个作品。</p>\r\n\r\n			<p>&ldquo;最具网络人气奖&rdquo;获得者雨燕，在网络投票环节中，获得10万＋票数，名列第一位。谈及作品创作思路，她说，这个作品结合了时下短视频领域比较受欢迎的素人改造形式，通过在人物故事中融入梧州元素，把&ldquo;海纳百川、力争上游&rdquo;新时代梧州精神，以及梧州风貌、蓬勃向上的内核充分展现出来。</p>\r\n\r\n			<p style=\"text-align:right\">（文章来源：梧州零距离网）</p>\r\n			</td>\r\n		</tr>\r\n		<tr>\r\n			<td>&nbsp;</td>\r\n		</tr>\r\n		<tr>\r\n			<td>&nbsp;</td>\r\n		</tr>\r\n	</tbody>\r\n</table>\r\n\r\n<table border=\"0\" cellpadding=\"0\" cellspacing=\"0\" style=\"width:100%\">\r\n	<tbody>\r\n		<tr>\r\n			<td>&nbsp;</td>\r\n		</tr>\r\n	</tbody>\r\n</table>\r\n','2019-12-28 21:16:38.859525',6,'0',1,1,NULL),(41,'桂菜文化需新鲜血液传承','<p>梧州零距离-西江都市报讯（记者 陈素雅）&ldquo;东甜西酸南鲜北辣&rdquo;，独特的桂菜文化需要更多新鲜血液来传承。12月18日下午，广西梧州商贸学校举办2019年桂菜技艺传承暨首届校园文化美食节活动。在行业商家的见证下，三位桂菜大师现场烹饪经典桂菜，在校学生&ldquo;准厨师&rdquo;也竞相拿出自己的作品，大家就桂菜文化的发扬展开互动交流。</p>\r\n\r\n<p style=\"text-align:center\"><img src=\"http://www.wzljl.cn/images/2019-12/19/2194d769-23a7-4374-ad3a-e83d257652a9.jpg\" style=\"max-width:100%\" /></p>\r\n\r\n<p><span style=\"color:#0070c0\">广西梧州商贸学校烹饪专业的学生们簇拥着灶台，观看桂菜师傅王堂豪制作菜肴。陈凡 摄</span></p>\r\n\r\n<p>当天活动中，年过八旬的广西桂菜大师王堂豪在现场一丝不苟地为鱼肉按摩、切花、下油锅，一条金灿灿的橙汁菊花鱼引来里三层外三层学生的围观。在制作过程中，王堂豪还细心地向同学们讲解桂菜的风味特点，以及广西不同地区在制作当地风味菜肴时使用的调味料的差异等等，让同学们对桂菜有了更深入的了解。闭思维、张治庆两位大师则从本土原料的挑选、处理、腌制，以及配料的选择、火候的掌握技巧等方面，一一向同学们讲解。</p>\r\n\r\n<p>在刚刚结束的&ldquo;岭南之味&rdquo;岭南花样厨神擂台赛决赛中获得冠军的该校学生黄汶龙、罗燕妹，也在现场制作了当时获奖的菜肴葱油鱼和纸包鸡回馈观众。</p>\r\n\r\n<p>广西烹饪餐饮行业协会会长曾大文介绍，2018年9月，广西桂菜已经被正式列为&ldquo;中国菜&rdquo;34个省籍地域菜系之一，迎来了历史性发展机遇，但是在桂菜文化传承中，仍存在菜系认知度不足等问题，希望通过知名桂菜大师的引导，商贸学校能加强桂菜烹饪后备力量的教育与培养，为市场输送更具广西特色的本土人才。</p>\r\n\r\n<p>&nbsp;</p>\r\n\r\n<p style=\"text-align:right\">（文章来源：梧州零距离网）</p>\r\n','2019-12-28 21:18:14.642642',25,'0',1,1,NULL),(42,'工商食品药品监管部门联合为宝石节美食嘉年华活动保驾护航','<div style=\"text-align:justify\"><span style=\"font-family:宋体; font-size:12pt\">10</span><span style=\"font-family:宋体; font-size:12pt\">月26日</span><span style=\"font-family:宋体; font-size:12pt\">，梧州市工商局联合梧州市食品药品监督管理局组织执法人员到毅德商贸城对宝石节美食嘉年华活动的经营户进行食品安全专项检查，为保证美食嘉年华活动顺利开展保驾护航。</span></div>\r\n\r\n<div style=\"text-align:justify\"><span style=\"font-family:宋体; font-size:12pt\">期间，执法人员对美食嘉年华经营主体是否合法、是否存在&ldquo;三无&rdquo;产品以及是否销售过期变质产品进行检查，规范食品经营行为，要求经营主体实行亮照和诚信经营，对无证无照经营食品的坚决取缔，对经营食品不规范的限期整改，确保美食嘉年华的食品经营者全面落实食品索证索票制度等监管制度，让消费者放心消费。执法人员还当场给经营者讲解食品安全相应的法律法规，并进行食品安全知识的宣传，进一步强化经营者主体责任意识，引导其诚信经营，有效维护市场秩序。</span></div>\r\n\r\n<p>&nbsp;</p>\r\n\r\n<p style=\"text-align:right\"><span style=\"font-size:14px\"><span style=\"font-family:宋体\"><span style=\"color:#000000\">(文章来源：梧州市门户网)</span></span></span></p>\r\n','2019-11-14 09:28:54.000000',3,'0',1,1,NULL),(43,'梧州宝石节美食嘉年华将在三祺城举办','<p><span style=\"color:#000000\"><span style=\"font-size:12pt\"><span style=\"font-family:宋体\">10</span></span><span style=\"font-size:12pt\"><span style=\"font-family:宋体\">月17日，从活动组织方了解到，今年美食嘉年华活动主题为&ldquo;岭南古郡 梧州味道&rdquo;，将于11月2日至5日在梧州三祺城举办。届时，现场将有主打本土美食的过百商家为市民提供餐饮服务。</span></span></span></p>\r\n\r\n<p><span style=\"font-size:12pt\"><span style=\"font-family:宋体\"><span style=\"color:#000000\">据长洲区商务局负责布展的工作人员介绍，截至10月17日，美食嘉年华活动场地总规划已完成，共设置145个标准展位。主办方已经与场地方沟通用电计划、场地协调等问题，各项活动报备报批手续也正在紧张办理。目前，会场布展外观设计正在进一步完善修改，着重在细节上凸显本土特色，各项物资物料已准备完毕，计划在10月20日前进场布展施工。</span></span></span></p>\r\n\r\n<p><span style=\"font-size:12pt\"><span style=\"font-family:宋体\"><span style=\"color:#000000\">据了解，来自各地的商家参展热情较高，已有过百商家报名参加本次美食嘉年华活动。活动目前已完成85%招商目标，预计7天内可完成招商。本次美食嘉年华活动相关负责人、长洲区商务局负责人介绍，长洲区持续打造美食品牌活动，今年的美食嘉年华特色在于主打本土味道。</span></span></span></p>\r\n\r\n<p>&nbsp;</p>\r\n\r\n<p style=\"text-align:right\"><span style=\"font-size:14px\"><span style=\"font-family:宋体\"><span style=\"color:#000000\">（文章来源：梧州市政府门户网）</span></span></span></p>\r\n','2019-11-16 09:30:34.000000',0,'0',1,1,NULL),(44,'美食嘉年华开启舌尖上的美味旅程','<div style=\"text-align:center\"><span style=\"color:#000000\"><span style=\"font-size:12pt\"><span style=\"font-family:宋体\">11</span></span><span style=\"font-size:12pt\"><span style=\"font-family:宋体\">月2日，第十六届梧州宝石节&ldquo;岭南古郡 梧州味道&rdquo;美食嘉年华在梧州三祺城拉开帷幕，让市民在暖融融的秋日下开启一场舌尖上的美味旅程。</span></span></span></div>\r\n\r\n<div style=\"text-align:center\">&nbsp;</div>\r\n\r\n<div style=\"text-align:center\"><img src=\"http://www.wuzhou.gov.cn/attachment/b989b1e0ff7b11e9aa86005056800c73/0\" /><br />\r\n<br />\r\n<img src=\"http://www.wuzhou.gov.cn/attachment/b9b1fa60ff7b11e9aa86005056800c73/0\" /><br />\r\n<br />\r\n<img src=\"http://www.wuzhou.gov.cn/attachment/ba028b60ff7b11e9aa86005056800c73/0\" /><br />\r\n<br />\r\n<img src=\"http://www.wuzhou.gov.cn/attachment/bac936c0ff7b11e9aa86005056800c73/0\" /><br />\r\n&nbsp;</div>\r\n\r\n<p><span style=\"font-size:12pt\"><span style=\"font-family:宋体\"><span style=\"color:#000000\">连片的古典纸伞遮挡着阳光、仿古设计的摊位热闹非凡。当天上午，不少市民一步入活动现场，就被充满岭南特色的会场惊艳了。而同样令人惊艳的，还有各式各样的美食。据了解，本届美食嘉年华设置了上百个摊位，吸引了老伯田螺、正传鸡爪、梧州纸包鸡、太平米饼、藤县鱼豆腐等本土著名美食进驻，让广大市民可以&ldquo;一站式&rdquo;尽尝家乡味道。此外，香港鸡蛋仔、江南墨鱼花、长沙香肠、台湾香辣蟹、老北京手工糖等各地美食，也让市民尝尽大江南北的美味。</span></span></span></p>\r\n\r\n<p><span style=\"font-size:12pt\"><span style=\"font-family:宋体\"><span style=\"color:#000000\">在梧州一众美食中，豆腐花以嫩滑、香甜、清新的特点，受到广大食客的喜爱。怡景老牌桂花糖豆腐花的摊位前聚集了大批食客，摊主苏女士麻利地将豆腐花舀到碗里，再配上甜香的桂花糖浆，稳稳地递给顾客。同样，在老伯田螺的摊位上，三名工作人员忙得不可开交，她们根据食客点的菜品，忙碌地舀田螺、下河粉、淋螺汁，店铺周边坐满了食客。</span></span></span></p>\r\n\r\n<p><span style=\"font-size:12pt\"><span style=\"font-family:宋体\"><span style=\"color:#000000\">除了梧州本土美食受到热捧外，各具风味的地方美食也受到食客的欢迎。圆滚滚的潮汕牛肉丸在大铁锅内翻滚；新鲜的湛江生蚝配上蒜蓉，在烧烤炉上&ldquo;滋滋&rdquo;地冒着热气；香港鸡蛋仔一出炉就淋上甜蜜蜜的冰淇淋汁，&ldquo;冰火搭配&rdquo;引人驻足。</span></span></span></p>\r\n\r\n<p><span style=\"font-size:12pt\"><span style=\"font-family:宋体\"><span style=\"color:#000000\">中午时分，美食嘉年华迎来了人流高峰，现场人头攒动，不少摊位前都排起长龙，排队等候的市民都&ldquo;伸长脖子&rdquo;，期盼地看着摊位上正在制作的美食。只见不少市民都与亲朋好友一起逛美食展，他们或购买一大份美食共同享用，或各自买心仪的小吃回到座位互相分享，在享受美食的同时也感受浓浓的情谊。市民罗先生表示，今年的美食嘉年华令人惊喜，街区仿古装饰很有岭南风情，主办方还细心设置了洗涤区、就餐区、垃圾投放区，令市民的用餐体验更好。</span></span></span></p>\r\n\r\n<p>&nbsp;</p>\r\n\r\n<p style=\"text-align:right\"><span style=\"font-size:14px\"><span style=\"font-family:宋体\"><span style=\"color:#000000\">(文章来源：梧州市政府门户网)</span></span></span></p>\r\n','2019-11-22 09:32:40.000000',2,'1',1,1,NULL),(45,'太难了','<p>今天也要加油哦</p>\r\n','2019-12-29 10:36:36.625841',3,'0',4,12,''),(46,'大家过年好','<p>过年好啊！提前给大家拜年了~</p>\r\n','2019-12-30 19:43:40.807647',0,'0',4,12,''),(47,'楼上癫啊！','<p>楼上癫啊！</p>\r\n','2019-12-30 20:47:47.479316',2,'0',4,14,''),(48,'管理员的日志','<p>三生三世</p>\r\n','2020-01-11 14:08:42.483076',0,'0',4,1,NULL);
/*!40000 ALTER TABLE `article_article` ENABLE KEYS */;
UNLOCK TABLES;

--
-- Table structure for table `article_atccategory`
--

DROP TABLE IF EXISTS `article_atccategory`;
/*!40101 SET @saved_cs_client     = @@character_set_client */;
/*!50503 SET character_set_client = utf8mb4 */;
CREATE TABLE `article_atccategory` (
  `id` int(11) NOT NULL AUTO_INCREMENT,
  `atcCate_name` varchar(32) NOT NULL,
  `atcCate_remark` varchar(255) NOT NULL,
  PRIMARY KEY (`id`)
) ENGINE=InnoDB AUTO_INCREMENT=8 DEFAULT CHARSET=utf8;
/*!40101 SET character_set_client = @saved_cs_client */;

--
-- Dumping data for table `article_atccategory`
--

LOCK TABLES `article_atccategory` WRITE;
/*!40000 ALTER TABLE `article_atccategory` DISABLE KEYS */;
INSERT INTO `article_atccategory` VALUES (1,'美食资讯','资讯'),(2,'通知公告','你要注意了'),(4,'美食日志','一起来分享你的菜谱吧'),(5,'店铺简介','介绍的');
/*!40000 ALTER TABLE `article_atccategory` ENABLE KEYS */;
UNLOCK TABLES;

--
-- Table structure for table `auth_group`
--

DROP TABLE IF EXISTS `auth_group`;
/*!40101 SET @saved_cs_client     = @@character_set_client */;
/*!50503 SET character_set_client = utf8mb4 */;
CREATE TABLE `auth_group` (
  `id` int(11) NOT NULL AUTO_INCREMENT,
  `name` varchar(150) NOT NULL,
  PRIMARY KEY (`id`),
  UNIQUE KEY `name` (`name`)
) ENGINE=InnoDB DEFAULT CHARSET=utf8;
/*!40101 SET character_set_client = @saved_cs_client */;

--
-- Dumping data for table `auth_group`
--

LOCK TABLES `auth_group` WRITE;
/*!40000 ALTER TABLE `auth_group` DISABLE KEYS */;
/*!40000 ALTER TABLE `auth_group` ENABLE KEYS */;
UNLOCK TABLES;

--
-- Table structure for table `auth_group_permissions`
--

DROP TABLE IF EXISTS `auth_group_permissions`;
/*!40101 SET @saved_cs_client     = @@character_set_client */;
/*!50503 SET character_set_client = utf8mb4 */;
CREATE TABLE `auth_group_permissions` (
  `id` int(11) NOT NULL AUTO_INCREMENT,
  `group_id` int(11) NOT NULL,
  `permission_id` int(11) NOT NULL,
  PRIMARY KEY (`id`),
  UNIQUE KEY `auth_group_permissions_group_id_permission_id_0cd325b0_uniq` (`group_id`,`permission_id`),
  KEY `auth_group_permissio_permission_id_84c5c92e_fk_auth_perm` (`permission_id`),
  CONSTRAINT `auth_group_permissio_permission_id_84c5c92e_fk_auth_perm` FOREIGN KEY (`permission_id`) REFERENCES `auth_permission` (`id`),
  CONSTRAINT `auth_group_permissions_group_id_b120cbf9_fk_auth_group_id` FOREIGN KEY (`group_id`) REFERENCES `auth_group` (`id`)
) ENGINE=InnoDB DEFAULT CHARSET=utf8;
/*!40101 SET character_set_client = @saved_cs_client */;

--
-- Dumping data for table `auth_group_permissions`
--

LOCK TABLES `auth_group_permissions` WRITE;
/*!40000 ALTER TABLE `auth_group_permissions` DISABLE KEYS */;
/*!40000 ALTER TABLE `auth_group_permissions` ENABLE KEYS */;
UNLOCK TABLES;

--
-- Table structure for table `auth_permission`
--

DROP TABLE IF EXISTS `auth_permission`;
/*!40101 SET @saved_cs_client     = @@character_set_client */;
/*!50503 SET character_set_client = utf8mb4 */;
CREATE TABLE `auth_permission` (
  `id` int(11) NOT NULL AUTO_INCREMENT,
  `name` varchar(255) NOT NULL,
  `content_type_id` int(11) NOT NULL,
  `codename` varchar(100) NOT NULL,
  PRIMARY KEY (`id`),
  UNIQUE KEY `auth_permission_content_type_id_codename_01ab375a_uniq` (`content_type_id`,`codename`),
  CONSTRAINT `auth_permission_content_type_id_2f476e4b_fk_django_co` FOREIGN KEY (`content_type_id`) REFERENCES `django_content_type` (`id`)
) ENGINE=InnoDB AUTO_INCREMENT=122 DEFAULT CHARSET=utf8;
/*!40101 SET character_set_client = @saved_cs_client */;

--
-- Dumping data for table `auth_permission`
--

LOCK TABLES `auth_permission` WRITE;
/*!40000 ALTER TABLE `auth_permission` DISABLE KEYS */;
INSERT INTO `auth_permission` VALUES (1,'Can add log entry',1,'add_logentry'),(2,'Can change log entry',1,'change_logentry'),(3,'Can delete log entry',1,'delete_logentry'),(4,'Can view log entry',1,'view_logentry'),(5,'Can add permission',2,'add_permission'),(6,'Can change permission',2,'change_permission'),(7,'Can delete permission',2,'delete_permission'),(8,'Can view permission',2,'view_permission'),(9,'Can add group',3,'add_group'),(10,'Can change group',3,'change_group'),(11,'Can delete group',3,'delete_group'),(12,'Can view group',3,'view_group'),(13,'Can add user',4,'add_user'),(14,'Can change user',4,'change_user'),(15,'Can delete user',4,'delete_user'),(16,'Can view user',4,'view_user'),(17,'Can add content type',5,'add_contenttype'),(18,'Can change content type',5,'change_contenttype'),(19,'Can delete content type',5,'delete_contenttype'),(20,'Can view content type',5,'view_contenttype'),(21,'Can add session',6,'add_session'),(22,'Can change session',6,'change_session'),(23,'Can delete session',6,'delete_session'),(24,'Can view session',6,'view_session'),(25,'Can add account info',7,'add_accountinfo'),(26,'Can change account info',7,'change_accountinfo'),(27,'Can delete account info',7,'delete_accountinfo'),(28,'Can view account info',7,'view_accountinfo'),(29,'Can add user',8,'add_user'),(30,'Can change user',8,'change_user'),(31,'Can delete user',8,'delete_user'),(32,'Can view user',8,'view_user'),(33,'Can add recipe',9,'add_recipe'),(34,'Can change recipe',9,'change_recipe'),(35,'Can delete recipe',9,'delete_recipe'),(36,'Can view recipe',9,'view_recipe'),(37,'Can add category',10,'add_category'),(38,'Can change category',10,'change_category'),(39,'Can delete category',10,'delete_category'),(40,'Can view category',10,'view_category'),(41,'Can add taste',11,'add_taste'),(42,'Can change taste',11,'change_taste'),(43,'Can delete taste',11,'delete_taste'),(44,'Can view taste',11,'view_taste'),(45,'Can add article',12,'add_article'),(46,'Can change article',12,'change_article'),(47,'Can delete article',12,'delete_article'),(48,'Can view article',12,'view_article'),(49,'Can add banner',13,'add_banner'),(50,'Can change banner',13,'change_banner'),(51,'Can delete banner',13,'delete_banner'),(52,'Can view banner',13,'view_banner'),(53,'Can add ingredients',14,'add_ingredients'),(54,'Can change ingredients',14,'change_ingredients'),(55,'Can delete ingredients',14,'delete_ingredients'),(56,'Can view ingredients',14,'view_ingredients'),(57,'Can add recipe step',15,'add_recipestep'),(58,'Can change recipe step',15,'change_recipestep'),(59,'Can delete recipe step',15,'delete_recipestep'),(60,'Can view recipe step',15,'view_recipestep'),(61,'Can add stores',16,'add_stores'),(62,'Can change stores',16,'change_stores'),(63,'Can delete stores',16,'delete_stores'),(64,'Can view stores',16,'view_stores'),(65,'Can add 确认码',17,'add_confirmstring'),(66,'Can change 确认码',17,'change_confirmstring'),(67,'Can delete 确认码',17,'delete_confirmstring'),(68,'Can view 确认码',17,'view_confirmstring'),(69,'Can add captcha store',18,'add_captchastore'),(70,'Can change captcha store',18,'change_captchastore'),(71,'Can delete captcha store',18,'delete_captchastore'),(72,'Can view captcha store',18,'view_captchastore'),(73,'Can add atc category',19,'add_atccategory'),(74,'Can change atc category',19,'change_atccategory'),(75,'Can delete atc category',19,'delete_atccategory'),(76,'Can view atc category',19,'view_atccategory'),(77,'Can add comment',20,'add_comment'),(78,'Can change comment',20,'change_comment'),(79,'Can delete comment',20,'delete_comment'),(80,'Can view comment',20,'view_comment'),(81,'Can moderate comments',20,'can_moderate'),(82,'Can add comment flag',21,'add_commentflag'),(83,'Can change comment flag',21,'change_commentflag'),(84,'Can delete comment flag',21,'delete_commentflag'),(85,'Can view comment flag',21,'view_commentflag'),(86,'Can add site',22,'add_site'),(87,'Can change site',22,'change_site'),(88,'Can delete site',22,'delete_site'),(89,'Can view site',22,'view_site'),(90,'Can add food activity',23,'add_foodactivity'),(91,'Can change food activity',23,'change_foodactivity'),(92,'Can delete food activity',23,'delete_foodactivity'),(93,'Can view food activity',23,'view_foodactivity'),(94,'Can add activity apply',24,'add_activityapply'),(95,'Can change activity apply',24,'change_activityapply'),(96,'Can delete activity apply',24,'delete_activityapply'),(97,'Can view activity apply',24,'view_activityapply'),(98,'Can add likes',25,'add_likes'),(99,'Can change likes',25,'change_likes'),(100,'Can delete likes',25,'delete_likes'),(101,'Can view likes',25,'view_likes'),(102,'Can add collections',26,'add_collections'),(103,'Can change collections',26,'change_collections'),(104,'Can delete collections',26,'delete_collections'),(105,'Can view collections',26,'view_collections'),(106,'Can add videos',27,'add_videos'),(107,'Can change videos',27,'change_videos'),(108,'Can delete videos',27,'delete_videos'),(109,'Can view videos',27,'view_videos'),(110,'Can add comment',28,'add_comment'),(111,'Can change comment',28,'change_comment'),(112,'Can delete comment',28,'delete_comment'),(113,'Can view comment',28,'view_comment'),(114,'Can add comments',28,'add_comments'),(115,'Can change comments',28,'change_comments'),(116,'Can delete comments',28,'delete_comments'),(117,'Can view comments',28,'view_comments'),(118,'Can add notification',29,'add_notification'),(119,'Can change notification',29,'change_notification'),(120,'Can delete notification',29,'delete_notification'),(121,'Can view notification',29,'view_notification');
/*!40000 ALTER TABLE `auth_permission` ENABLE KEYS */;
UNLOCK TABLES;

--
-- Table structure for table `auth_user`
--

DROP TABLE IF EXISTS `auth_user`;
/*!40101 SET @saved_cs_client     = @@character_set_client */;
/*!50503 SET character_set_client = utf8mb4 */;
CREATE TABLE `auth_user` (
  `id` int(11) NOT NULL AUTO_INCREMENT,
  `password` varchar(128) NOT NULL,
  `last_login` datetime(6) DEFAULT NULL,
  `is_superuser` tinyint(1) NOT NULL,
  `username` varchar(150) NOT NULL,
  `first_name` varchar(30) NOT NULL,
  `last_name` varchar(150) NOT NULL,
  `email` varchar(254) NOT NULL,
  `is_staff` tinyint(1) NOT NULL,
  `is_active` tinyint(1) NOT NULL,
  `date_joined` datetime(6) NOT NULL,
  PRIMARY KEY (`id`),
  UNIQUE KEY `username` (`username`)
) ENGINE=InnoDB AUTO_INCREMENT=2 DEFAULT CHARSET=utf8;
/*!40101 SET character_set_client = @saved_cs_client */;

--
-- Dumping data for table `auth_user`
--

LOCK TABLES `auth_user` WRITE;
/*!40000 ALTER TABLE `auth_user` DISABLE KEYS */;
INSERT INTO `auth_user` VALUES (1,'pbkdf2_sha256$150000$h1I5zJtcZIcv$yyEzJVMfpdpcd6ugz79f+AIoXgdjZ6HMLj3KmN3lZZA=','2019-10-21 07:36:59.285666',1,'lzfdd','','','lzfdd937@163.com',1,1,'2019-10-21 07:36:22.191196');
/*!40000 ALTER TABLE `auth_user` ENABLE KEYS */;
UNLOCK TABLES;

--
-- Table structure for table `auth_user_groups`
--

DROP TABLE IF EXISTS `auth_user_groups`;
/*!40101 SET @saved_cs_client     = @@character_set_client */;
/*!50503 SET character_set_client = utf8mb4 */;
CREATE TABLE `auth_user_groups` (
  `id` int(11) NOT NULL AUTO_INCREMENT,
  `user_id` int(11) NOT NULL,
  `group_id` int(11) NOT NULL,
  PRIMARY KEY (`id`),
  UNIQUE KEY `auth_user_groups_user_id_group_id_94350c0c_uniq` (`user_id`,`group_id`),
  KEY `auth_user_groups_group_id_97559544_fk_auth_group_id` (`group_id`),
  CONSTRAINT `auth_user_groups_group_id_97559544_fk_auth_group_id` FOREIGN KEY (`group_id`) REFERENCES `auth_group` (`id`),
  CONSTRAINT `auth_user_groups_user_id_6a12ed8b_fk_auth_user_id` FOREIGN KEY (`user_id`) REFERENCES `auth_user` (`id`)
) ENGINE=InnoDB DEFAULT CHARSET=utf8;
/*!40101 SET character_set_client = @saved_cs_client */;

--
-- Dumping data for table `auth_user_groups`
--

LOCK TABLES `auth_user_groups` WRITE;
/*!40000 ALTER TABLE `auth_user_groups` DISABLE KEYS */;
/*!40000 ALTER TABLE `auth_user_groups` ENABLE KEYS */;
UNLOCK TABLES;

--
-- Table structure for table `auth_user_user_permissions`
--

DROP TABLE IF EXISTS `auth_user_user_permissions`;
/*!40101 SET @saved_cs_client     = @@character_set_client */;
/*!50503 SET character_set_client = utf8mb4 */;
CREATE TABLE `auth_user_user_permissions` (
  `id` int(11) NOT NULL AUTO_INCREMENT,
  `user_id` int(11) NOT NULL,
  `permission_id` int(11) NOT NULL,
  PRIMARY KEY (`id`),
  UNIQUE KEY `auth_user_user_permissions_user_id_permission_id_14a6b632_uniq` (`user_id`,`permission_id`),
  KEY `auth_user_user_permi_permission_id_1fbb5f2c_fk_auth_perm` (`permission_id`),
  CONSTRAINT `auth_user_user_permi_permission_id_1fbb5f2c_fk_auth_perm` FOREIGN KEY (`permission_id`) REFERENCES `auth_permission` (`id`),
  CONSTRAINT `auth_user_user_permissions_user_id_a95ead1b_fk_auth_user_id` FOREIGN KEY (`user_id`) REFERENCES `auth_user` (`id`)
) ENGINE=InnoDB DEFAULT CHARSET=utf8;
/*!40101 SET character_set_client = @saved_cs_client */;

--
-- Dumping data for table `auth_user_user_permissions`
--

LOCK TABLES `auth_user_user_permissions` WRITE;
/*!40000 ALTER TABLE `auth_user_user_permissions` DISABLE KEYS */;
/*!40000 ALTER TABLE `auth_user_user_permissions` ENABLE KEYS */;
UNLOCK TABLES;

--
-- Table structure for table `banner_banner`
--

DROP TABLE IF EXISTS `banner_banner`;
/*!40101 SET @saved_cs_client     = @@character_set_client */;
/*!50503 SET character_set_client = utf8mb4 */;
CREATE TABLE `banner_banner` (
  `id` int(11) NOT NULL AUTO_INCREMENT,
  `title` varchar(100) NOT NULL,
  `description` varchar(200) DEFAULT NULL,
  `img` varchar(100) NOT NULL,
  `url` varchar(200) NOT NULL,
  `imgIndex` int(11) NOT NULL,
  PRIMARY KEY (`id`)
) ENGINE=InnoDB AUTO_INCREMENT=19 DEFAULT CHARSET=utf8;
/*!40101 SET character_set_client = @saved_cs_client */;

--
-- Dumping data for table `banner_banner`
--

LOCK TABLES `banner_banner` WRITE;
/*!40000 ALTER TABLE `banner_banner` DISABLE KEYS */;
INSERT INTO `banner_banner` VALUES (5,'美味羊肉汤','冬至大过年','carousel/c11.jpg','#',200),(6,'挑战胃极限，PK大胃王','千千烧烤首届大胃王吃货节','carousel/c22.jpg','#',10),(7,'舌尖上的美味','自助烤肉真美味','carousel/c33.jpg','#',100),(8,'纸上烤鱼','独特美味，口感劲道','carousel/c44.jpg','#',50),(9,'盐椒大虾','健康美味让你一次上瘾','carousel/c55.jpg','#',5);
/*!40000 ALTER TABLE `banner_banner` ENABLE KEYS */;
UNLOCK TABLES;

--
-- Table structure for table `captcha_captchastore`
--

DROP TABLE IF EXISTS `captcha_captchastore`;
/*!40101 SET @saved_cs_client     = @@character_set_client */;
/*!50503 SET character_set_client = utf8mb4 */;
CREATE TABLE `captcha_captchastore` (
  `id` int(11) NOT NULL AUTO_INCREMENT,
  `challenge` varchar(32) NOT NULL,
  `response` varchar(32) NOT NULL,
  `hashkey` varchar(40) NOT NULL,
  `expiration` datetime(6) NOT NULL,
  PRIMARY KEY (`id`),
  UNIQUE KEY `hashkey` (`hashkey`)
) ENGINE=InnoDB AUTO_INCREMENT=7 DEFAULT CHARSET=utf8;
/*!40101 SET character_set_client = @saved_cs_client */;

--
-- Dumping data for table `captcha_captchastore`
--

LOCK TABLES `captcha_captchastore` WRITE;
/*!40000 ALTER TABLE `captcha_captchastore` DISABLE KEYS */;
INSERT INTO `captcha_captchastore` VALUES (3,'LLKB','llkb','f15da2ceecd68065885c08602a471d3b3a8b3c98','2019-11-04 12:03:29.499001'),(4,'JIJU','jiju','9a6d697636989d24bef98c85d657947866b834f2','2019-11-04 12:03:51.777636'),(5,'AZEM','azem','077579131ebca753d653991c1f4d77e684d41259','2019-11-04 12:17:17.190580'),(6,'IVCR','ivcr','add00ba46e86f1b076dba9a054d09a6ae3258828','2019-11-04 12:17:18.333927');
/*!40000 ALTER TABLE `captcha_captchastore` ENABLE KEYS */;
UNLOCK TABLES;

--
-- Table structure for table `comments_comments`
--

DROP TABLE IF EXISTS `comments_comments`;
/*!40101 SET @saved_cs_client     = @@character_set_client */;
/*!50503 SET character_set_client = utf8mb4 */;
CREATE TABLE `comments_comments` (
  `id` int(11) NOT NULL AUTO_INCREMENT,
  `object_id` int(10) unsigned NOT NULL,
  `text` longtext NOT NULL,
  `comment_time` datetime(6) NOT NULL,
  `content_type_id` int(11) NOT NULL,
  `user_id` int(11) NOT NULL,
  `parent_id` int(11) DEFAULT NULL,
  `reply_to_id` int(11) DEFAULT NULL,
  `root_id` int(11) DEFAULT NULL,
  PRIMARY KEY (`id`),
  KEY `comments_comment_content_type_id_72fd5dbe_fk_django_co` (`content_type_id`),
  KEY `comments_comments_user_id_d2c0ea69_fk_userinfo_id` (`user_id`),
  KEY `comments_comments_parent_id_d9fe1944_fk_comments_comments_id` (`parent_id`),
  KEY `comments_comments_reply_to_id_8059f96a_fk_userinfo_id` (`reply_to_id`),
  KEY `comments_comments_root_id_bc242dcf_fk_comments_comments_id` (`root_id`),
  CONSTRAINT `comments_comment_content_type_id_72fd5dbe_fk_django_co` FOREIGN KEY (`content_type_id`) REFERENCES `django_content_type` (`id`),
  CONSTRAINT `comments_comments_parent_id_d9fe1944_fk_comments_comments_id` FOREIGN KEY (`parent_id`) REFERENCES `comments_comments` (`id`),
  CONSTRAINT `comments_comments_reply_to_id_8059f96a_fk_userinfo_id` FOREIGN KEY (`reply_to_id`) REFERENCES `userinfo` (`id`),
  CONSTRAINT `comments_comments_root_id_bc242dcf_fk_comments_comments_id` FOREIGN KEY (`root_id`) REFERENCES `comments_comments` (`id`),
  CONSTRAINT `comments_comments_user_id_d2c0ea69_fk_userinfo_id` FOREIGN KEY (`user_id`) REFERENCES `userinfo` (`id`)
) ENGINE=InnoDB AUTO_INCREMENT=58 DEFAULT CHARSET=utf8;
/*!40101 SET character_set_client = @saved_cs_client */;

--
-- Dumping data for table `comments_comments`
--

LOCK TABLES `comments_comments` WRITE;
/*!40000 ALTER TABLE `comments_comments` DISABLE KEYS */;
INSERT INTO `comments_comments` VALUES (1,1,'啊啊啊啊啊啊','2019-11-27 14:58:10.362193',9,1,NULL,NULL,NULL),(2,1,'啊啊阿打算','2019-11-27 15:13:08.092233',9,1,NULL,NULL,NULL),(27,2,'哈哈哈哈','2019-11-27 21:13:18.819074',9,1,NULL,NULL,NULL),(34,12,'你好','2019-11-28 00:11:22.409689',12,1,NULL,NULL,NULL),(35,12,'你好呀','2019-11-28 00:13:58.084427',12,1,34,1,34),(36,12,'洗洗睡吧','2019-11-28 00:14:09.161930',12,1,NULL,NULL,NULL),(37,16,'我也举得','2019-11-28 00:29:54.584275',12,1,NULL,NULL,NULL),(38,16,'你爱你','2019-11-28 00:33:35.803676',12,1,NULL,NULL,NULL),(47,18,'好像有菜谱的，你找一下','2019-11-29 14:56:14.988638',12,13,NULL,NULL,NULL),(48,5,'哈哈哈哈哈哈哈哈哈哈或','2019-12-01 09:21:46.012606',9,1,NULL,NULL,NULL),(49,5,'灌灌灌灌','2019-12-01 09:21:57.713917',9,1,48,1,48),(51,9,'这个汤好像好棒啊','2019-12-05 16:33:14.148858',9,13,NULL,NULL,NULL),(52,9,'改天试试！','2019-12-05 16:33:49.269959',9,12,NULL,NULL,NULL),(53,9,'哈哈我也觉得','2019-12-05 16:34:02.315444',9,12,51,13,51);
/*!40000 ALTER TABLE `comments_comments` ENABLE KEYS */;
UNLOCK TABLES;

--
-- Table structure for table `django_admin_log`
--

DROP TABLE IF EXISTS `django_admin_log`;
/*!40101 SET @saved_cs_client     = @@character_set_client */;
/*!50503 SET character_set_client = utf8mb4 */;
CREATE TABLE `django_admin_log` (
  `id` int(11) NOT NULL AUTO_INCREMENT,
  `action_time` datetime(6) NOT NULL,
  `object_id` longtext,
  `object_repr` varchar(200) NOT NULL,
  `action_flag` smallint(5) unsigned NOT NULL,
  `change_message` longtext NOT NULL,
  `content_type_id` int(11) DEFAULT NULL,
  `user_id` int(11) NOT NULL,
  PRIMARY KEY (`id`),
  KEY `django_admin_log_content_type_id_c4bce8eb_fk_django_co` (`content_type_id`),
  KEY `django_admin_log_user_id_c564eba6_fk_auth_user_id` (`user_id`),
  CONSTRAINT `django_admin_log_content_type_id_c4bce8eb_fk_django_co` FOREIGN KEY (`content_type_id`) REFERENCES `django_content_type` (`id`),
  CONSTRAINT `django_admin_log_user_id_c564eba6_fk_auth_user_id` FOREIGN KEY (`user_id`) REFERENCES `auth_user` (`id`)
) ENGINE=InnoDB DEFAULT CHARSET=utf8;
/*!40101 SET character_set_client = @saved_cs_client */;

--
-- Dumping data for table `django_admin_log`
--

LOCK TABLES `django_admin_log` WRITE;
/*!40000 ALTER TABLE `django_admin_log` DISABLE KEYS */;
/*!40000 ALTER TABLE `django_admin_log` ENABLE KEYS */;
UNLOCK TABLES;

--
-- Table structure for table `django_comment_flags`
--

DROP TABLE IF EXISTS `django_comment_flags`;
/*!40101 SET @saved_cs_client     = @@character_set_client */;
/*!50503 SET character_set_client = utf8mb4 */;
CREATE TABLE `django_comment_flags` (
  `id` int(11) NOT NULL AUTO_INCREMENT,
  `flag` varchar(30) NOT NULL,
  `flag_date` datetime(6) NOT NULL,
  `comment_id` int(11) NOT NULL,
  `user_id` int(11) NOT NULL,
  PRIMARY KEY (`id`),
  UNIQUE KEY `django_comment_flags_user_id_comment_id_flag_537f77a7_uniq` (`user_id`,`comment_id`,`flag`),
  KEY `django_comment_flags_comment_id_d8054933_fk_django_comments_id` (`comment_id`),
  KEY `django_comment_flags_flag_8b141fcb` (`flag`),
  CONSTRAINT `django_comment_flags_comment_id_d8054933_fk_django_comments_id` FOREIGN KEY (`comment_id`) REFERENCES `django_comments` (`id`),
  CONSTRAINT `django_comment_flags_user_id_f3f81f0a_fk_auth_user_id` FOREIGN KEY (`user_id`) REFERENCES `auth_user` (`id`)
) ENGINE=InnoDB DEFAULT CHARSET=utf8;
/*!40101 SET character_set_client = @saved_cs_client */;

--
-- Dumping data for table `django_comment_flags`
--

LOCK TABLES `django_comment_flags` WRITE;
/*!40000 ALTER TABLE `django_comment_flags` DISABLE KEYS */;
/*!40000 ALTER TABLE `django_comment_flags` ENABLE KEYS */;
UNLOCK TABLES;

--
-- Table structure for table `django_comments`
--

DROP TABLE IF EXISTS `django_comments`;
/*!40101 SET @saved_cs_client     = @@character_set_client */;
/*!50503 SET character_set_client = utf8mb4 */;
CREATE TABLE `django_comments` (
  `id` int(11) NOT NULL AUTO_INCREMENT,
  `object_pk` longtext NOT NULL,
  `user_name` varchar(50) NOT NULL,
  `user_email` varchar(254) NOT NULL,
  `user_url` varchar(200) NOT NULL,
  `comment` longtext NOT NULL,
  `submit_date` datetime(6) NOT NULL,
  `ip_address` char(39) DEFAULT NULL,
  `is_public` tinyint(1) NOT NULL,
  `is_removed` tinyint(1) NOT NULL,
  `content_type_id` int(11) NOT NULL,
  `site_id` int(11) NOT NULL,
  `user_id` int(11) DEFAULT NULL,
  PRIMARY KEY (`id`),
  KEY `django_comments_content_type_id_c4afe962_fk_django_co` (`content_type_id`),
  KEY `django_comments_site_id_9dcf666e_fk_django_site_id` (`site_id`),
  KEY `django_comments_user_id_a0a440a1_fk_auth_user_id` (`user_id`),
  KEY `django_comments_submit_date_514ed2d9` (`submit_date`),
  CONSTRAINT `django_comments_content_type_id_c4afe962_fk_django_co` FOREIGN KEY (`content_type_id`) REFERENCES `django_content_type` (`id`),
  CONSTRAINT `django_comments_site_id_9dcf666e_fk_django_site_id` FOREIGN KEY (`site_id`) REFERENCES `django_site` (`id`),
  CONSTRAINT `django_comments_user_id_a0a440a1_fk_auth_user_id` FOREIGN KEY (`user_id`) REFERENCES `auth_user` (`id`)
) ENGINE=InnoDB AUTO_INCREMENT=16 DEFAULT CHARSET=utf8;
/*!40101 SET character_set_client = @saved_cs_client */;

--
-- Dumping data for table `django_comments`
--

LOCK TABLES `django_comments` WRITE;
/*!40000 ALTER TABLE `django_comments` DISABLE KEYS */;
INSERT INTO `django_comments` VALUES (1,'7','王大锤','admin@163.com','','啥呀','2019-11-12 13:56:50.527478','127.0.0.1',1,0,12,1,NULL),(2,'11','王大锤','lzf937@163.com','','真的这么好吃吗','2019-11-12 14:53:47.508682','127.0.0.1',1,0,12,1,NULL),(3,'11','王大锤','lzf937@163.com','','好难搞','2019-11-12 15:16:58.446152','127.0.0.1',1,0,9,1,NULL),(4,'11','王大锤','lzf937@163.com','','没有吧','2019-11-12 15:19:01.114751','127.0.0.1',1,0,9,1,NULL),(5,'11','王大锤','lzf937@163.com','','ss','2019-11-12 15:38:25.005654','127.0.0.1',1,0,9,1,NULL),(6,'11','王大锤','lzf937@163.com','','a','2019-11-12 16:02:33.536399','127.0.0.1',1,0,9,1,NULL),(7,'10','王大锤','lzf937@163.com','','aaa','2019-11-12 16:07:21.244803','127.0.0.1',1,0,12,1,NULL),(8,'11','管理员','admin@163.com','','选择性','2019-11-12 17:20:29.757303','127.0.0.1',1,0,9,1,NULL),(9,'11','管理员','admin@163.com','','啊啊','2019-11-12 17:21:51.165629','127.0.0.1',1,0,9,1,NULL),(10,'11','管理员','admin@163.com','','安安','2019-11-12 17:22:16.637269','127.0.0.1',1,0,9,1,NULL),(11,'9','管理员','admin@163.com','','安安','2019-11-12 17:23:12.760570','127.0.0.1',1,0,12,1,NULL),(12,'7','王大锤','lzf937@163.com','','a','2019-11-12 17:25:00.462305','127.0.0.1',1,0,12,1,NULL),(13,'9','王大锤','lzf937@163.com','','aaaa','2019-11-12 17:25:55.825252','127.0.0.1',1,0,12,1,NULL),(14,'17','王大锤','lzf937@163.com','','aaa','2019-11-12 17:26:47.565034','127.0.0.1',1,0,9,1,NULL),(15,'25','管理员','admin@163.com','','好棒啊','2019-11-13 09:56:37.308427','127.0.0.1',1,0,9,1,NULL);
/*!40000 ALTER TABLE `django_comments` ENABLE KEYS */;
UNLOCK TABLES;

--
-- Table structure for table `django_content_type`
--

DROP TABLE IF EXISTS `django_content_type`;
/*!40101 SET @saved_cs_client     = @@character_set_client */;
/*!50503 SET character_set_client = utf8mb4 */;
CREATE TABLE `django_content_type` (
  `id` int(11) NOT NULL AUTO_INCREMENT,
  `app_label` varchar(100) NOT NULL,
  `model` varchar(100) NOT NULL,
  PRIMARY KEY (`id`),
  UNIQUE KEY `django_content_type_app_label_model_76bd3d3b_uniq` (`app_label`,`model`)
) ENGINE=InnoDB AUTO_INCREMENT=30 DEFAULT CHARSET=utf8;
/*!40101 SET character_set_client = @saved_cs_client */;

--
-- Dumping data for table `django_content_type`
--

LOCK TABLES `django_content_type` WRITE;
/*!40000 ALTER TABLE `django_content_type` DISABLE KEYS */;
INSERT INTO `django_content_type` VALUES (24,'activity','activityapply'),(23,'activity','foodactivity'),(1,'admin','logentry'),(12,'article','article'),(19,'article','atccategory'),(3,'auth','group'),(2,'auth','permission'),(4,'auth','user'),(13,'banner','banner'),(18,'captcha','captchastore'),(28,'comments','comments'),(5,'contenttypes','contenttype'),(20,'django_comments','comment'),(21,'django_comments','commentflag'),(26,'likes','collections'),(25,'likes','likes'),(29,'notifications','notification'),(10,'recipe','category'),(14,'recipe','ingredients'),(9,'recipe','recipe'),(15,'recipe','recipestep'),(11,'recipe','taste'),(27,'recipe','videos'),(6,'sessions','session'),(22,'sites','site'),(16,'store','stores'),(7,'user','accountinfo'),(17,'user','confirmstring'),(8,'user','user');
/*!40000 ALTER TABLE `django_content_type` ENABLE KEYS */;
UNLOCK TABLES;

--
-- Table structure for table `django_migrations`
--

DROP TABLE IF EXISTS `django_migrations`;
/*!40101 SET @saved_cs_client     = @@character_set_client */;
/*!50503 SET character_set_client = utf8mb4 */;
CREATE TABLE `django_migrations` (
  `id` int(11) NOT NULL AUTO_INCREMENT,
  `app` varchar(255) NOT NULL,
  `name` varchar(255) NOT NULL,
  `applied` datetime(6) NOT NULL,
  PRIMARY KEY (`id`)
) ENGINE=InnoDB AUTO_INCREMENT=92 DEFAULT CHARSET=utf8;
/*!40101 SET character_set_client = @saved_cs_client */;

--
-- Dumping data for table `django_migrations`
--

LOCK TABLES `django_migrations` WRITE;
/*!40000 ALTER TABLE `django_migrations` DISABLE KEYS */;
INSERT INTO `django_migrations` VALUES (1,'contenttypes','0001_initial','2019-10-05 13:14:25.438004'),(2,'auth','0001_initial','2019-10-05 13:14:25.717844'),(3,'admin','0001_initial','2019-10-05 13:14:26.615349'),(4,'admin','0002_logentry_remove_auto_add','2019-10-05 13:14:26.839203'),(5,'admin','0003_logentry_add_action_flag_choices','2019-10-05 13:14:26.862189'),(6,'contenttypes','0002_remove_content_type_name','2019-10-05 13:14:27.044084'),(7,'auth','0002_alter_permission_name_max_length','2019-10-05 13:14:27.139031'),(8,'auth','0003_alter_user_email_max_length','2019-10-05 13:14:27.244970'),(9,'auth','0004_alter_user_username_opts','2019-10-05 13:14:27.262959'),(10,'auth','0005_alter_user_last_login_null','2019-10-05 13:14:27.347927'),(11,'auth','0006_require_contenttypes_0002','2019-10-05 13:14:27.354912'),(12,'auth','0007_alter_validators_add_error_messages','2019-10-05 13:14:27.370898'),(13,'auth','0008_alter_user_username_max_length','2019-10-05 13:14:27.472839'),(14,'auth','0009_alter_user_last_name_max_length','2019-10-05 13:14:27.575780'),(15,'auth','0010_alter_group_name_max_length','2019-10-05 13:14:27.685718'),(16,'auth','0011_update_proxy_permissions','2019-10-05 13:14:27.707705'),(17,'sessions','0001_initial','2019-10-05 13:14:27.757677'),(38,'user','0001_initial','2019-11-04 05:54:21.906338'),(40,'banner','0001_initial','2019-11-04 05:54:22.215181'),(42,'store','0001_initial','2019-11-04 05:54:22.770845'),(43,'user','0002_auto_20191104_1357','2019-11-04 05:57:22.332698'),(44,'captcha','0001_initial','2019-11-04 08:52:46.330734'),(45,'user','0003_auto_20191104_2009','2019-11-04 12:10:03.754748'),(46,'user','0004_auto_20191105_1159','2019-11-05 12:00:11.475926'),(47,'article','0001_initial','2019-11-05 13:47:47.726533'),(48,'store','0002_stores_img','2019-11-06 09:36:20.121173'),(49,'store','0003_auto_20191106_0937','2019-11-06 09:37:18.881498'),(50,'store','0003_auto_20191106_1144','2019-11-06 11:44:22.653274'),(51,'store','0004_auto_20191106_1429','2019-11-06 14:29:10.252884'),(52,'store','0005_auto_20191106_1459','2019-11-06 14:59:53.451384'),(58,'article','0002_auto_20191108_1623','2019-11-08 16:23:19.705812'),(59,'article','0003_article_tags','2019-11-09 11:07:49.919154'),(60,'sites','0001_initial','2019-11-09 11:07:49.979118'),(61,'django_comments','0001_initial','2019-11-09 11:07:50.147005'),(62,'django_comments','0002_update_user_email_field_length','2019-11-09 11:07:50.744663'),(63,'django_comments','0003_add_submit_date_index','2019-11-09 11:07:50.802651'),(64,'sites','0002_alter_domain_unique','2019-11-09 11:07:50.840610'),(65,'user','0005_user_avatar','2019-11-13 11:19:12.319266'),(66,'store','0006_stores_total_view','2019-11-17 16:00:53.794619'),(67,'activity','0001_initial','2019-11-17 16:04:23.888602'),(68,'activity','0002_auto_20191117_1638','2019-11-17 16:38:14.898383'),(69,'activity','0003_auto_20191117_1718','2019-11-17 17:18:56.584583'),(70,'activity','0004_delete_foodactivity','2019-11-18 09:23:48.943317'),(71,'activity','0005_foodactivity','2019-11-18 09:24:33.251037'),(72,'activity','0006_activityapply','2019-11-18 09:24:33.668798'),(73,'likes','0001_initial','2019-11-19 12:24:32.038891'),(74,'likes','0002_auto_20191119_1738','2019-11-19 17:38:25.456286'),(78,'comments','0001_initial','2019-11-27 09:54:59.019983'),(79,'comments','0002_auto_20191127_1121','2019-11-27 11:21:28.884103'),(80,'recipe','0001_initial','2019-11-27 12:08:16.022162'),(81,'recipe','0002_auto_20191127_1203','2019-11-27 12:08:18.137973'),(82,'recipe','0003_auto_20191127_1208','2019-11-27 12:08:18.967509'),(83,'comments','0003_auto_20191127_1702','2019-11-27 17:02:53.298303'),(84,'notifications','0001_initial','2019-11-29 09:53:40.570236'),(85,'notifications','0002_auto_20150224_1134','2019-11-29 09:53:41.752918'),(86,'notifications','0003_notification_data','2019-11-29 09:53:41.845879'),(87,'notifications','0004_auto_20150826_1508','2019-11-29 09:53:41.893835'),(88,'notifications','0005_auto_20160504_1520','2019-11-29 09:53:41.951811'),(89,'notifications','0006_indexes','2019-11-29 09:53:42.308148'),(90,'comments','0004_auto_20191129_1201','2019-11-29 12:01:19.504747'),(91,'notifications','0007_auto_20191129_1201','2019-11-29 12:01:20.671201');
/*!40000 ALTER TABLE `django_migrations` ENABLE KEYS */;
UNLOCK TABLES;

--
-- Table structure for table `django_session`
--

DROP TABLE IF EXISTS `django_session`;
/*!40101 SET @saved_cs_client     = @@character_set_client */;
/*!50503 SET character_set_client = utf8mb4 */;
CREATE TABLE `django_session` (
  `session_key` varchar(40) NOT NULL,
  `session_data` longtext NOT NULL,
  `expire_date` datetime(6) NOT NULL,
  PRIMARY KEY (`session_key`),
  KEY `django_session_expire_date_a5c62663` (`expire_date`)
) ENGINE=InnoDB DEFAULT CHARSET=utf8;
/*!40101 SET character_set_client = @saved_cs_client */;

--
-- Dumping data for table `django_session`
--

LOCK TABLES `django_session` WRITE;
/*!40000 ALTER TABLE `django_session` DISABLE KEYS */;
INSERT INTO `django_session` VALUES ('1zmtynifriqyo2lwufhs9dc5ot321g4r','NDg3YWIzMTdiMmQ5NDQ3MGYyMTQxNmM3OTE5NjMzZmExYzgxNTI3Mjp7ImlzX2xvZ2luIjp0cnVlLCJ1c2VyX2lkIjoxMywidXNlcl9uYW1lIjoiXHU3MzhiXHU2NjJkXHU1NDFiIn0=','2023-04-09 15:38:43.275120'),('2697vb75bz5s5o8rneo2d33qjebze6ky','NDg3YWIzMTdiMmQ5NDQ3MGYyMTQxNmM3OTE5NjMzZmExYzgxNTI3Mjp7ImlzX2xvZ2luIjp0cnVlLCJ1c2VyX2lkIjoxMywidXNlcl9uYW1lIjoiXHU3MzhiXHU2NjJkXHU1NDFiIn0=','2019-12-13 15:03:32.568432'),('2eke3nw12gsttv496rs2jxinza6r7beu','NWY2MDExOWQ2YmMxYmYwYTBkZTM3YWU5ZTM5YzYyYmU4YmRiNzZhMjp7ImlzX2xvZ2luIjp0cnVlLCJ1c2VyX2lkIjoxLCJ1c2VyX25hbWUiOiJcdTdiYTFcdTc0MDZcdTU0NTgifQ==','2019-12-15 12:51:46.177691'),('2eqylejobuu8u28mi9g3ub2i0h5yvyns','NjI1OGU2MjI2ZTM4Njk0NTVhZmQyZGQ4NTgxNWU0YTcyNmNlNjIzZjp7InVzZXIiOiJcdTVmMjBcdTRlMDkifQ==','2019-11-17 09:59:46.708649'),('3dgjisr0wksts4chmfd6itott44w4tiv','NWY2MDExOWQ2YmMxYmYwYTBkZTM3YWU5ZTM5YzYyYmU4YmRiNzZhMjp7ImlzX2xvZ2luIjp0cnVlLCJ1c2VyX2lkIjoxLCJ1c2VyX25hbWUiOiJcdTdiYTFcdTc0MDZcdTU0NTgifQ==','2019-11-20 15:34:23.432258'),('3z8w2jbpr89o4t1gt9yobhpjmsvx3cwa','NWY2MDExOWQ2YmMxYmYwYTBkZTM3YWU5ZTM5YzYyYmU4YmRiNzZhMjp7ImlzX2xvZ2luIjp0cnVlLCJ1c2VyX2lkIjoxLCJ1c2VyX25hbWUiOiJcdTdiYTFcdTc0MDZcdTU0NTgifQ==','2019-11-30 23:46:20.072205'),('41otf54uynv6vmlmxelyswhdk1t7dglz','NWY2MDExOWQ2YmMxYmYwYTBkZTM3YWU5ZTM5YzYyYmU4YmRiNzZhMjp7ImlzX2xvZ2luIjp0cnVlLCJ1c2VyX2lkIjoxLCJ1c2VyX25hbWUiOiJcdTdiYTFcdTc0MDZcdTU0NTgifQ==','2020-01-05 18:17:27.660154'),('4q5fww7qus4gce31eljyeh7gdxq9stfg','YzdlM2M3ZjljMWVmZjVkOTFiMDY2MTY0NDAxZjE2NmE5NWNkNDU1NTp7InVzZXIiOiJhZG1pbkAxNjMuY29tIn0=','2019-11-17 02:54:43.925770'),('4wzbw36h8zmcyn1r0mkactin3cq1iu07','YzdlM2M3ZjljMWVmZjVkOTFiMDY2MTY0NDAxZjE2NmE5NWNkNDU1NTp7InVzZXIiOiJhZG1pbkAxNjMuY29tIn0=','2019-10-28 03:13:05.823062'),('4xvz8m0evy43l30bjw0ugtulwi2ijqlr','YzdlM2M3ZjljMWVmZjVkOTFiMDY2MTY0NDAxZjE2NmE5NWNkNDU1NTp7InVzZXIiOiJhZG1pbkAxNjMuY29tIn0=','2019-11-05 12:00:23.784617'),('56fhym9j9y9q436p0022glwwyzuwyc0c','NjI1OGU2MjI2ZTM4Njk0NTVhZmQyZGQ4NTgxNWU0YTcyNmNlNjIzZjp7InVzZXIiOiJcdTVmMjBcdTRlMDkifQ==','2019-11-11 01:53:43.539233'),('60yq1jy4vywvm6x7a2x3jpjjhkq4lqrz','NWY2MDExOWQ2YmMxYmYwYTBkZTM3YWU5ZTM5YzYyYmU4YmRiNzZhMjp7ImlzX2xvZ2luIjp0cnVlLCJ1c2VyX2lkIjoxLCJ1c2VyX25hbWUiOiJcdTdiYTFcdTc0MDZcdTU0NTgifQ==','2020-01-28 14:17:24.973587'),('6fpvae1mm2nq7bsdgsi9yyxxcwd100vd','YzdlM2M3ZjljMWVmZjVkOTFiMDY2MTY0NDAxZjE2NmE5NWNkNDU1NTp7InVzZXIiOiJhZG1pbkAxNjMuY29tIn0=','2019-11-03 13:20:10.390617'),('6gf5xhsf5t0ybj96qpgphzg2drebds7n','NDk3MGRhZjk5OGFhNTU0NDdhOTI1MjFlOTk4ZDBhNzFjMTkwYTc3ODp7ImlzX2xvZ2luIjp0cnVlLCJ1c2VyX2lkIjo1LCJ1c2VyX25hbWUiOiJcdTczOGJcdTU5MjdcdTk1MjQifQ==','2019-11-19 13:06:09.214002'),('8gjx7hfznxejmpuhk9pjqo8mhd4fhgdf','NWY2MDExOWQ2YmMxYmYwYTBkZTM3YWU5ZTM5YzYyYmU4YmRiNzZhMjp7ImlzX2xvZ2luIjp0cnVlLCJ1c2VyX2lkIjoxLCJ1c2VyX25hbWUiOiJcdTdiYTFcdTc0MDZcdTU0NTgifQ==','2019-11-20 12:49:28.249504'),('8lgnegghx70t9zs1b3fpl21btlk4lzmn','YzdlM2M3ZjljMWVmZjVkOTFiMDY2MTY0NDAxZjE2NmE5NWNkNDU1NTp7InVzZXIiOiJhZG1pbkAxNjMuY29tIn0=','2019-11-17 09:32:00.576282'),('8sniaiuebwhgl6yzby0vbgmdhf664ps5','NWY2MDExOWQ2YmMxYmYwYTBkZTM3YWU5ZTM5YzYyYmU4YmRiNzZhMjp7ImlzX2xvZ2luIjp0cnVlLCJ1c2VyX2lkIjoxLCJ1c2VyX25hbWUiOiJcdTdiYTFcdTc0MDZcdTU0NTgifQ==','2020-01-05 18:41:23.427698'),('906f53z3htjvfks1hlhvodqdbk4p6c2d','NjI1OGU2MjI2ZTM4Njk0NTVhZmQyZGQ4NTgxNWU0YTcyNmNlNjIzZjp7InVzZXIiOiJcdTVmMjBcdTRlMDkifQ==','2019-11-10 16:42:29.696841'),('9mlftief4l3jx36zt168iqhgcf4a2ljz','YzdlM2M3ZjljMWVmZjVkOTFiMDY2MTY0NDAxZjE2NmE5NWNkNDU1NTp7InVzZXIiOiJhZG1pbkAxNjMuY29tIn0=','2019-10-27 09:22:05.308816'),('9ysk8ivje541hrkuwlbehrjwzvvggkr6','NjZlOTY2MDg0YWEzNzI0ZTNhYjI3ZmZkOWJmYjI3NzRjNzRhZmRkMzp7fQ==','2019-11-10 16:34:21.325528'),('aanlqn0ea7jo24rbgeqzzpwpcfsd7v7t','NDg3YWIzMTdiMmQ5NDQ3MGYyMTQxNmM3OTE5NjMzZmExYzgxNTI3Mjp7ImlzX2xvZ2luIjp0cnVlLCJ1c2VyX2lkIjoxMywidXNlcl9uYW1lIjoiXHU3MzhiXHU2NjJkXHU1NDFiIn0=','2019-12-14 09:45:10.235552'),('ay5ij1fg80lbuzquidxp3j51g9ww780p','NjI1OGU2MjI2ZTM4Njk0NTVhZmQyZGQ4NTgxNWU0YTcyNmNlNjIzZjp7InVzZXIiOiJcdTVmMjBcdTRlMDkifQ==','2019-11-03 06:46:03.832771'),('b0kvni2fm0nh5td9ecwnmgdyb9qqu2fp','NWY2MDExOWQ2YmMxYmYwYTBkZTM3YWU5ZTM5YzYyYmU4YmRiNzZhMjp7ImlzX2xvZ2luIjp0cnVlLCJ1c2VyX2lkIjoxLCJ1c2VyX25hbWUiOiJcdTdiYTFcdTc0MDZcdTU0NTgifQ==','2019-11-20 12:50:16.108012'),('btewz1vrt5s84s0sa8whs27qsmxmx03i','NjI1OGU2MjI2ZTM4Njk0NTVhZmQyZGQ4NTgxNWU0YTcyNmNlNjIzZjp7InVzZXIiOiJcdTVmMjBcdTRlMDkifQ==','2019-11-06 13:19:22.226929'),('czc3zrvz7gq21o77osva8ivpxq5wbi1a','YzdlM2M3ZjljMWVmZjVkOTFiMDY2MTY0NDAxZjE2NmE5NWNkNDU1NTp7InVzZXIiOiJhZG1pbkAxNjMuY29tIn0=','2019-10-28 02:45:34.941693'),('da6z54s2djy8cupmt5qrif5nlakz9v94','YzdlM2M3ZjljMWVmZjVkOTFiMDY2MTY0NDAxZjE2NmE5NWNkNDU1NTp7InVzZXIiOiJhZG1pbkAxNjMuY29tIn0=','2019-10-28 03:11:34.273187'),('dmx617fd5a6pcx4iy005sy396y8tczn7','YzdlM2M3ZjljMWVmZjVkOTFiMDY2MTY0NDAxZjE2NmE5NWNkNDU1NTp7InVzZXIiOiJhZG1pbkAxNjMuY29tIn0=','2019-10-26 04:20:35.109931'),('duoahmj4opx10y90ov6o70mmj93wmsre','NWY2MDExOWQ2YmMxYmYwYTBkZTM3YWU5ZTM5YzYyYmU4YmRiNzZhMjp7ImlzX2xvZ2luIjp0cnVlLCJ1c2VyX2lkIjoxLCJ1c2VyX25hbWUiOiJcdTdiYTFcdTc0MDZcdTU0NTgifQ==','2019-11-20 17:14:10.242359'),('e11tuwe4ekmi6tgfpxmxq68d21pxm9l2','NWY2MDExOWQ2YmMxYmYwYTBkZTM3YWU5ZTM5YzYyYmU4YmRiNzZhMjp7ImlzX2xvZ2luIjp0cnVlLCJ1c2VyX2lkIjoxLCJ1c2VyX25hbWUiOiJcdTdiYTFcdTc0MDZcdTU0NTgifQ==','2019-11-29 23:34:45.705563'),('ejr8p1fyr8y0dr9ia9ahqjpk777c0ldo','YzdlM2M3ZjljMWVmZjVkOTFiMDY2MTY0NDAxZjE2NmE5NWNkNDU1NTp7InVzZXIiOiJhZG1pbkAxNjMuY29tIn0=','2019-11-17 01:36:15.624444'),('fj40fy7uqqjcm335kbwirn0o8w0yrwpo','YzdlM2M3ZjljMWVmZjVkOTFiMDY2MTY0NDAxZjE2NmE5NWNkNDU1NTp7InVzZXIiOiJhZG1pbkAxNjMuY29tIn0=','2019-11-17 09:23:13.124094'),('fjv4idvrak44cqrsyde47z580cj81irm','ODI3YWRmMTA1YjcyZTRmNmQ3MTMxNDQ2MjRmODYyZTMyNjUxMmZlOTp7InVzZXIiOiJhZG1pbkAxNjMuY29tIiwiX2F1dGhfdXNlcl9pZCI6IjEiLCJfYXV0aF91c2VyX2JhY2tlbmQiOiJkamFuZ28uY29udHJpYi5hdXRoLmJhY2tlbmRzLk1vZGVsQmFja2VuZCIsIl9hdXRoX3VzZXJfaGFzaCI6Ijg3OTgwMWU4NjkzZjNlMDdjMGVlMjBiNTYyMTEzNTJiNGIxNGUzMTkifQ==','2019-11-04 07:36:59.304672'),('h061wf30l64qeencjmcnl4x29v21ijrk','NjI1OGU2MjI2ZTM4Njk0NTVhZmQyZGQ4NTgxNWU0YTcyNmNlNjIzZjp7InVzZXIiOiJcdTVmMjBcdTRlMDkifQ==','2019-11-11 01:56:56.086332'),('hhxbcxf2gx7etrl01betgnen43ek53q9','YzdlM2M3ZjljMWVmZjVkOTFiMDY2MTY0NDAxZjE2NmE5NWNkNDU1NTp7InVzZXIiOiJhZG1pbkAxNjMuY29tIn0=','2019-11-17 08:28:04.585862'),('hjno916y96yy5cbsb49tvzfa6nsa7i43','NjZlOTY2MDg0YWEzNzI0ZTNhYjI3ZmZkOWJmYjI3NzRjNzRhZmRkMzp7fQ==','2019-10-28 01:31:57.860711'),('hv4ujkfxwwlme8gb332m48mmim9d7xp2','YzdlM2M3ZjljMWVmZjVkOTFiMDY2MTY0NDAxZjE2NmE5NWNkNDU1NTp7InVzZXIiOiJhZG1pbkAxNjMuY29tIn0=','2019-11-17 09:42:49.745639'),('i5761m0bvbi59s78i6c3rtj9wo7m9m4g','NDk3MGRhZjk5OGFhNTU0NDdhOTI1MjFlOTk4ZDBhNzFjMTkwYTc3ODp7ImlzX2xvZ2luIjp0cnVlLCJ1c2VyX2lkIjo1LCJ1c2VyX25hbWUiOiJcdTczOGJcdTU5MjdcdTk1MjQifQ==','2019-12-12 00:34:09.229933'),('j0v39t7i1he3698fmtw8oj94tug0jdzt','NjI1OGU2MjI2ZTM4Njk0NTVhZmQyZGQ4NTgxNWU0YTcyNmNlNjIzZjp7InVzZXIiOiJcdTVmMjBcdTRlMDkifQ==','2019-10-26 01:27:16.369669'),('j3py7ap4v6hmule9xnh50ccz4g75ux4h','YzdlM2M3ZjljMWVmZjVkOTFiMDY2MTY0NDAxZjE2NmE5NWNkNDU1NTp7InVzZXIiOiJhZG1pbkAxNjMuY29tIn0=','2019-11-17 09:34:50.489073'),('j7btqfw4lukwnz457pb6cytjf51brbt6','NDg3YWIzMTdiMmQ5NDQ3MGYyMTQxNmM3OTE5NjMzZmExYzgxNTI3Mjp7ImlzX2xvZ2luIjp0cnVlLCJ1c2VyX2lkIjoxMywidXNlcl9uYW1lIjoiXHU3MzhiXHU2NjJkXHU1NDFiIn0=','2023-04-08 22:23:44.849156'),('kgohppf11prd7vry5qnfeuyvtcx8hhqh','YzdlM2M3ZjljMWVmZjVkOTFiMDY2MTY0NDAxZjE2NmE5NWNkNDU1NTp7InVzZXIiOiJhZG1pbkAxNjMuY29tIn0=','2019-11-06 13:06:07.835442'),('knd4cmt2i08xqd42s0mplrf3556ywzv1','ODFiNThjZDdjM2Y4NjI4ZDRiZTAxYjc5YTFhMWZkMzk2OGZjY2QwZDp7ImlzX2xvZ2luIjp0cnVlLCJ1c2VyX2lkIjoxLCJ1c2VyX25hbWUiOiJcdTdiYTFcdTc0MDZcdTU0NThkZGRkZCJ9','2021-05-08 15:27:09.305962'),('lmom21a0ng9ua5h2ciydafq99sqdmslg','YzdlM2M3ZjljMWVmZjVkOTFiMDY2MTY0NDAxZjE2NmE5NWNkNDU1NTp7InVzZXIiOiJhZG1pbkAxNjMuY29tIn0=','2019-10-26 04:42:55.011674'),('lvuk0gw052e6h2gftwjt3bgz3w6s01h4','NWY2MDExOWQ2YmMxYmYwYTBkZTM3YWU5ZTM5YzYyYmU4YmRiNzZhMjp7ImlzX2xvZ2luIjp0cnVlLCJ1c2VyX2lkIjoxLCJ1c2VyX25hbWUiOiJcdTdiYTFcdTc0MDZcdTU0NTgifQ==','2020-01-30 15:26:35.470665'),('mop20yqsu5cp6rqo3hzs7hshxgmuas8j','YzdlM2M3ZjljMWVmZjVkOTFiMDY2MTY0NDAxZjE2NmE5NWNkNDU1NTp7InVzZXIiOiJhZG1pbkAxNjMuY29tIn0=','2019-10-27 09:52:33.349474'),('mopfz4urnslnbq87hnlup00z5gkjkf2d','NWY2MDExOWQ2YmMxYmYwYTBkZTM3YWU5ZTM5YzYyYmU4YmRiNzZhMjp7ImlzX2xvZ2luIjp0cnVlLCJ1c2VyX2lkIjoxLCJ1c2VyX25hbWUiOiJcdTdiYTFcdTc0MDZcdTU0NTgifQ==','2020-01-13 13:59:14.510141'),('mr8wftdbwkk8je0gz62ptc4l6bs2nzrk','NjI1OGU2MjI2ZTM4Njk0NTVhZmQyZGQ4NTgxNWU0YTcyNmNlNjIzZjp7InVzZXIiOiJcdTVmMjBcdTRlMDkifQ==','2019-11-10 16:22:53.908172'),('n3t4eew9z2lv1iccqrlslzc45j6upupu','YzdlM2M3ZjljMWVmZjVkOTFiMDY2MTY0NDAxZjE2NmE5NWNkNDU1NTp7InVzZXIiOiJhZG1pbkAxNjMuY29tIn0=','2019-11-05 05:14:08.354161'),('ntdiiueh5hyfpgz6ks7p1igasllcs8mv','NDk3MGRhZjk5OGFhNTU0NDdhOTI1MjFlOTk4ZDBhNzFjMTkwYTc3ODp7ImlzX2xvZ2luIjp0cnVlLCJ1c2VyX2lkIjo1LCJ1c2VyX25hbWUiOiJcdTczOGJcdTU5MjdcdTk1MjQifQ==','2019-11-23 22:06:45.216864'),('ntp9j45koc6er77fleb4fm697r1hxg3d','NjI1OGU2MjI2ZTM4Njk0NTVhZmQyZGQ4NTgxNWU0YTcyNmNlNjIzZjp7InVzZXIiOiJcdTVmMjBcdTRlMDkifQ==','2019-11-03 03:26:33.089932'),('o9bp3j08m3848qyaevil9347cynehd5f','NDk3MGRhZjk5OGFhNTU0NDdhOTI1MjFlOTk4ZDBhNzFjMTkwYTc3ODp7ImlzX2xvZ2luIjp0cnVlLCJ1c2VyX2lkIjo1LCJ1c2VyX25hbWUiOiJcdTczOGJcdTU5MjdcdTk1MjQifQ==','2019-11-29 20:34:14.809250'),('ongqq7pqllt6oncz3uug6lo6zsdqvaa0','NWY2MDExOWQ2YmMxYmYwYTBkZTM3YWU5ZTM5YzYyYmU4YmRiNzZhMjp7ImlzX2xvZ2luIjp0cnVlLCJ1c2VyX2lkIjoxLCJ1c2VyX25hbWUiOiJcdTdiYTFcdTc0MDZcdTU0NTgifQ==','2019-11-20 15:38:43.045394'),('pyht330rif0bxeszycl105rdbsy6q742','YzdlM2M3ZjljMWVmZjVkOTFiMDY2MTY0NDAxZjE2NmE5NWNkNDU1NTp7InVzZXIiOiJhZG1pbkAxNjMuY29tIn0=','2019-11-17 08:15:56.513231'),('q562oz6b9ykozqh7a8zgbx6beucczik2','YzdlM2M3ZjljMWVmZjVkOTFiMDY2MTY0NDAxZjE2NmE5NWNkNDU1NTp7InVzZXIiOiJhZG1pbkAxNjMuY29tIn0=','2019-11-15 03:34:41.716118'),('qiwlh08idbcbgo949oddhy2izp34oj3f','NjI1OGU2MjI2ZTM4Njk0NTVhZmQyZGQ4NTgxNWU0YTcyNmNlNjIzZjp7InVzZXIiOiJcdTVmMjBcdTRlMDkifQ==','2019-11-14 06:05:49.575156'),('rlckrev0th5skgbljmi0ldvnh1lv55j9','NDg3YWIzMTdiMmQ5NDQ3MGYyMTQxNmM3OTE5NjMzZmExYzgxNTI3Mjp7ImlzX2xvZ2luIjp0cnVlLCJ1c2VyX2lkIjoxMywidXNlcl9uYW1lIjoiXHU3MzhiXHU2NjJkXHU1NDFiIn0=','2019-12-13 14:55:46.827769'),('ttmks0n560uxap2v10nqp5eoj2v24w41','YzdlM2M3ZjljMWVmZjVkOTFiMDY2MTY0NDAxZjE2NmE5NWNkNDU1NTp7InVzZXIiOiJhZG1pbkAxNjMuY29tIn0=','2019-11-17 06:53:47.694606'),('u59zltk56xgvbg8a08u5u1o084t5k1l6','YzdlM2M3ZjljMWVmZjVkOTFiMDY2MTY0NDAxZjE2NmE5NWNkNDU1NTp7InVzZXIiOiJhZG1pbkAxNjMuY29tIn0=','2019-11-10 15:56:33.340244'),('vtj31rz0qqurrx6cnscz8awalssqq28n','YzdlM2M3ZjljMWVmZjVkOTFiMDY2MTY0NDAxZjE2NmE5NWNkNDU1NTp7InVzZXIiOiJhZG1pbkAxNjMuY29tIn0=','2019-11-03 03:43:48.560981'),('xobocjxy0oagil0s3bz5kh06s943d1y3','OTQ4NTY2MDg3NWFlZWU4ZjM1MDA0YmUyZGQzZjA1MDAyMTExOGU5Mjp7ImlzX2xvZ2luIjp0cnVlLCJ1c2VyX2lkIjoxLCJ1c2VyX25hbWUiOiJcdTdiYTFcdTc0MDZcdTU0NThkZGRkIn0=','2020-04-30 19:15:51.570995'),('y815cv01hwwqc8m3v5zawxpm7o9jsfb5','YzdlM2M3ZjljMWVmZjVkOTFiMDY2MTY0NDAxZjE2NmE5NWNkNDU1NTp7InVzZXIiOiJhZG1pbkAxNjMuY29tIn0=','2019-11-03 02:07:36.438817'),('z9shhdn0s1li6anwdzrkj2mm80jnz0tg','NDk3MGRhZjk5OGFhNTU0NDdhOTI1MjFlOTk4ZDBhNzFjMTkwYTc3ODp7ImlzX2xvZ2luIjp0cnVlLCJ1c2VyX2lkIjo1LCJ1c2VyX25hbWUiOiJcdTczOGJcdTU5MjdcdTk1MjQifQ==','2019-12-11 15:21:53.963368'),('zb9q8pw7dpiu7uqy571e4b9lpnyrchr7','NjI1OGU2MjI2ZTM4Njk0NTVhZmQyZGQ4NTgxNWU0YTcyNmNlNjIzZjp7InVzZXIiOiJcdTVmMjBcdTRlMDkifQ==','2019-11-10 16:21:43.146769');
/*!40000 ALTER TABLE `django_session` ENABLE KEYS */;
UNLOCK TABLES;

--
-- Table structure for table `django_site`
--

DROP TABLE IF EXISTS `django_site`;
/*!40101 SET @saved_cs_client     = @@character_set_client */;
/*!50503 SET character_set_client = utf8mb4 */;
CREATE TABLE `django_site` (
  `id` int(11) NOT NULL AUTO_INCREMENT,
  `domain` varchar(100) NOT NULL,
  `name` varchar(50) NOT NULL,
  PRIMARY KEY (`id`),
  UNIQUE KEY `django_site_domain_a2e37b91_uniq` (`domain`)
) ENGINE=InnoDB AUTO_INCREMENT=2 DEFAULT CHARSET=utf8;
/*!40101 SET character_set_client = @saved_cs_client */;

--
-- Dumping data for table `django_site`
--

LOCK TABLES `django_site` WRITE;
/*!40000 ALTER TABLE `django_site` DISABLE KEYS */;
INSERT INTO `django_site` VALUES (1,'example.com','example.com');
/*!40000 ALTER TABLE `django_site` ENABLE KEYS */;
UNLOCK TABLES;

--
-- Table structure for table `likes_collections`
--

DROP TABLE IF EXISTS `likes_collections`;
/*!40101 SET @saved_cs_client     = @@character_set_client */;
/*!50503 SET character_set_client = utf8mb4 */;
CREATE TABLE `likes_collections` (
  `id` int(11) NOT NULL AUTO_INCREMENT,
  `object_id` int(10) unsigned NOT NULL,
  `create_time` datetime(6) NOT NULL,
  `content_type_id` int(11) NOT NULL,
  `user_id` int(11) NOT NULL,
  `is_collect` tinyint(1) NOT NULL,
  PRIMARY KEY (`id`),
  KEY `likes_collections_content_type_id_73a55a2a_fk_django_co` (`content_type_id`),
  KEY `likes_collections_user_id_a06fa03b_fk_userinfo_id` (`user_id`),
  CONSTRAINT `likes_collections_content_type_id_73a55a2a_fk_django_co` FOREIGN KEY (`content_type_id`) REFERENCES `django_content_type` (`id`),
  CONSTRAINT `likes_collections_user_id_a06fa03b_fk_userinfo_id` FOREIGN KEY (`user_id`) REFERENCES `userinfo` (`id`)
) ENGINE=InnoDB AUTO_INCREMENT=38 DEFAULT CHARSET=utf8;
/*!40101 SET character_set_client = @saved_cs_client */;

--
-- Dumping data for table `likes_collections`
--

LOCK TABLES `likes_collections` WRITE;
/*!40000 ALTER TABLE `likes_collections` DISABLE KEYS */;
INSERT INTO `likes_collections` VALUES (29,13,'2019-11-22 11:14:03.216524',12,1,0),(30,2,'2019-11-22 18:18:16.412517',27,1,1),(31,1,'2019-11-27 22:39:10.483844',9,1,1),(32,5,'2019-12-02 18:12:18.837495',9,12,1),(34,19,'2019-12-02 18:12:24.785096',12,12,1),(35,18,'2019-12-09 11:11:02.705636',9,12,0),(37,4,'2019-12-30 13:44:54.293294',27,12,0);
/*!40000 ALTER TABLE `likes_collections` ENABLE KEYS */;
UNLOCK TABLES;

--
-- Table structure for table `likes_likes`
--

DROP TABLE IF EXISTS `likes_likes`;
/*!40101 SET @saved_cs_client     = @@character_set_client */;
/*!50503 SET character_set_client = utf8mb4 */;
CREATE TABLE `likes_likes` (
  `id` int(11) NOT NULL AUTO_INCREMENT,
  `object_id` int(10) unsigned NOT NULL,
  `is_like` tinyint(1) NOT NULL,
  `create_time` datetime(6) NOT NULL,
  `content_type_id` int(11) NOT NULL,
  `user_id` int(11) NOT NULL,
  PRIMARY KEY (`id`),
  KEY `likes_likes_content_type_id_e7aa4980_fk_django_content_type_id` (`content_type_id`),
  KEY `likes_likes_user_id_860430be_fk_userinfo_id` (`user_id`),
  CONSTRAINT `likes_likes_content_type_id_e7aa4980_fk_django_content_type_id` FOREIGN KEY (`content_type_id`) REFERENCES `django_content_type` (`id`),
  CONSTRAINT `likes_likes_user_id_860430be_fk_userinfo_id` FOREIGN KEY (`user_id`) REFERENCES `userinfo` (`id`)
) ENGINE=InnoDB AUTO_INCREMENT=38 DEFAULT CHARSET=utf8;
/*!40101 SET character_set_client = @saved_cs_client */;

--
-- Dumping data for table `likes_likes`
--

LOCK TABLES `likes_likes` WRITE;
/*!40000 ALTER TABLE `likes_likes` DISABLE KEYS */;
INSERT INTO `likes_likes` VALUES (1,8,0,'2019-11-19 17:14:35.636286',12,1),(2,13,1,'2019-11-22 11:14:05.893978',12,1),(9,12,1,'2019-11-19 17:08:32.883489',12,1),(10,11,1,'2019-11-19 17:16:55.962827',12,1),(20,28,0,'2019-11-22 11:11:33.961215',9,1),(21,12,1,'2019-11-21 22:25:55.229375',12,13),(22,9,1,'2019-11-21 22:26:00.071759',12,13),(24,16,1,'2019-11-23 14:43:25.588160',12,1),(25,1,0,'2019-11-27 12:27:16.353281',9,1),(26,5,1,'2019-12-01 09:21:35.647541',9,1),(27,20,1,'2019-12-01 09:23:56.343150',12,1),(28,19,1,'2019-12-01 09:23:57.124708',12,1),(29,5,1,'2019-12-02 17:17:51.794363',9,12),(30,9,1,'2019-12-04 00:13:01.915830',9,13),(31,20,1,'2019-12-09 11:08:00.595899',12,12),(32,34,0,'2019-12-22 16:38:42.659107',12,1),(33,38,0,'2019-12-26 16:21:52.351130',12,1),(34,4,0,'2019-12-30 13:44:52.585359',27,12),(35,38,0,'2019-12-30 13:45:21.923245',12,12),(36,46,1,'2019-12-30 20:47:59.578111',12,14),(37,34,1,'2019-12-30 20:48:02.895864',12,14);
/*!40000 ALTER TABLE `likes_likes` ENABLE KEYS */;
UNLOCK TABLES;

--
-- Table structure for table `notifications_notification`
--

DROP TABLE IF EXISTS `notifications_notification`;
/*!40101 SET @saved_cs_client     = @@character_set_client */;
/*!50503 SET character_set_client = utf8mb4 */;
CREATE TABLE `notifications_notification` (
  `id` int(11) NOT NULL AUTO_INCREMENT,
  `level` varchar(20) NOT NULL,
  `unread` tinyint(1) NOT NULL,
  `actor_object_id` varchar(255) NOT NULL,
  `verb` varchar(255) NOT NULL,
  `description` longtext,
  `target_object_id` varchar(255) DEFAULT NULL,
  `action_object_object_id` varchar(255) DEFAULT NULL,
  `timestamp` datetime(6) NOT NULL,
  `public` tinyint(1) NOT NULL,
  `action_object_content_type_id` int(11) DEFAULT NULL,
  `actor_content_type_id` int(11) NOT NULL,
  `recipient_id` int(11) NOT NULL,
  `target_content_type_id` int(11) DEFAULT NULL,
  `deleted` tinyint(1) NOT NULL,
  `emailed` tinyint(1) NOT NULL,
  `data` longtext,
  PRIMARY KEY (`id`),
  KEY `notifications_notifi_action_object_conten_7d2b8ee9_fk_django_co` (`action_object_content_type_id`),
  KEY `notifications_notifi_actor_content_type_i_0c69d7b7_fk_django_co` (`actor_content_type_id`),
  KEY `notifications_notifi_target_content_type__ccb24d88_fk_django_co` (`target_content_type_id`),
  KEY `notifications_notification_deleted_b32b69e6` (`deleted`),
  KEY `notifications_notification_emailed_23a5ad81` (`emailed`),
  KEY `notifications_notification_public_1bc30b1c` (`public`),
  KEY `notifications_notification_unread_cce4be30` (`unread`),
  KEY `notifications_notification_recipient_id_d055f3f0_fk_userinfo_id` (`recipient_id`),
  CONSTRAINT `notifications_notifi_action_object_conten_7d2b8ee9_fk_django_co` FOREIGN KEY (`action_object_content_type_id`) REFERENCES `django_content_type` (`id`),
  CONSTRAINT `notifications_notifi_actor_content_type_i_0c69d7b7_fk_django_co` FOREIGN KEY (`actor_content_type_id`) REFERENCES `django_content_type` (`id`),
  CONSTRAINT `notifications_notifi_target_content_type__ccb24d88_fk_django_co` FOREIGN KEY (`target_content_type_id`) REFERENCES `django_content_type` (`id`),
  CONSTRAINT `notifications_notification_recipient_id_d055f3f0_fk_userinfo_id` FOREIGN KEY (`recipient_id`) REFERENCES `userinfo` (`id`)
) ENGINE=InnoDB AUTO_INCREMENT=2 DEFAULT CHARSET=utf8;
/*!40101 SET character_set_client = @saved_cs_client */;

--
-- Dumping data for table `notifications_notification`
--

LOCK TABLES `notifications_notification` WRITE;
/*!40000 ALTER TABLE `notifications_notification` DISABLE KEYS */;
INSERT INTO `notifications_notification` VALUES (1,'info',1,'1','测试消息',NULL,NULL,NULL,'2019-11-29 10:52:10.000000',1,NULL,1,1,NULL,0,0,NULL);
/*!40000 ALTER TABLE `notifications_notification` ENABLE KEYS */;
UNLOCK TABLES;

--
-- Table structure for table `recipe_category`
--

DROP TABLE IF EXISTS `recipe_category`;
/*!40101 SET @saved_cs_client     = @@character_set_client */;
/*!50503 SET character_set_client = utf8mb4 */;
CREATE TABLE `recipe_category` (
  `id` int(11) NOT NULL AUTO_INCREMENT,
  `catename` varchar(32) NOT NULL,
  `remark` varchar(255) NOT NULL,
  PRIMARY KEY (`id`)
) ENGINE=InnoDB AUTO_INCREMENT=15 DEFAULT CHARSET=utf8;
/*!40101 SET character_set_client = @saved_cs_client */;

--
-- Dumping data for table `recipe_category`
--

LOCK TABLES `recipe_category` WRITE;
/*!40000 ALTER TABLE `recipe_category` DISABLE KEYS */;
INSERT INTO `recipe_category` VALUES (1,'家常菜','家庭常见的'),(2,'凉菜','凉凉的'),(3,'甜品','甜的'),(4,'西餐','洋气'),(5,'汤羹','好喝的汤'),(7,'地方小吃','就是小吃'),(14,'面食','面粉做的a');
/*!40000 ALTER TABLE `recipe_category` ENABLE KEYS */;
UNLOCK TABLES;

--
-- Table structure for table `recipe_ingredients`
--

DROP TABLE IF EXISTS `recipe_ingredients`;
/*!40101 SET @saved_cs_client     = @@character_set_client */;
/*!50503 SET character_set_client = utf8mb4 */;
CREATE TABLE `recipe_ingredients` (
  `id` int(11) NOT NULL AUTO_INCREMENT,
  `quantity` varchar(255) CHARACTER SET utf8mb4 COLLATE utf8mb4_0900_ai_ci NOT NULL,
  `name` varchar(32) NOT NULL,
  `rcpId_id` int(11) NOT NULL,
  PRIMARY KEY (`id`),
  KEY `recipe_ingredients_rcpId_id_61341274_fk_recipe_recipe_rcp_id` (`rcpId_id`),
  CONSTRAINT `recipe_ingredients_rcpId_id_61341274_fk_recipe_recipe_rcp_id` FOREIGN KEY (`rcpId_id`) REFERENCES `recipe_recipe` (`rcp_id`)
) ENGINE=InnoDB AUTO_INCREMENT=1360 DEFAULT CHARSET=utf8;
/*!40101 SET character_set_client = @saved_cs_client */;

--
-- Dumping data for table `recipe_ingredients`
--

LOCK TABLES `recipe_ingredients` WRITE;
/*!40000 ALTER TABLE `recipe_ingredients` DISABLE KEYS */;
INSERT INTO `recipe_ingredients` VALUES (1,'3朵','香菇',5),(2,'2块','豆腐',5),(3,'5只','鸡翅中',1),(6,'适量','耗油',1),(7,'适量','料酒',1),(8,'2个','番茄',4),(9,'4个','鸡蛋',4),(10,'适量','香葱',4),(11,'适量','食盐',4),(13,'500ml','可乐',3),(14,'5个','鸡中翅',3),(15,'半斤','里脊肉',7),(16,'10朵','木耳',7),(17,'1勺','蚝油',7),(18,'5块','豆腐',8),(19,'两个','鸡蛋',8),(20,'适量','耗油',8),(21,'适量','淀粉',8),(22,'10颗','红枣',9),(23,'30粒','枸杞',9),(24,'1只','老鸡',9),(25,'2只','党参',9),(26,'2头','花胶',9),(27,'8颗','桂圆',9),(28,'2只','猪蹄',10),(29,'4只','鸡爪',10),(30,'1根','胡萝卜',10),(31,'1根','甜玉米',10),(32,'适量','红枣',10),(33,'适量','枸杞',10),(34,'50克','猪里脊肉',11),(35,'100克','鸡蛋',11),(36,'300克','嫩豆腐',11),(37,'1根','黄瓜',12),(38,'2个','独蒜',12),(39,'30克','黑木耳',13),(40,'3/1个','胡萝卜',13),(41,'6只','鸡爪',14),(42,'1斤','田螺',14),(43,'12个','挞皮',15),(44,'半个','菠萝',15),(45,'60克','面粉',16),(46,'60克','牛奶',16),(47,'1个','鸡蛋',16),(48,'5克','黄油',16),(49,'15克','白砂糖',16),(50,'200克','自发粉',17),(51,'110克','牛奶',17),(52,'适量','马苏里拉奶酪',17),(53,'250克','猪肉',18),(54,'2勺','蜂蜜',18),(55,'100克','挂面',19),(56,'40克','黄瓜丝',19),(65,'\n                    半个\n        ','包菜',52),(66,'\n                    5瓣\n        ','蒜',52),(67,'\n                    5个\n        ','干辣椒',52),(68,'\n                    1汤匙\n       ','生抽',52),(69,'\n                    2汤匙\n       ','蒸鱼豉油',52),(70,'\n                    1汤匙\n       ','蚝油',52),(71,'\n                    小半勺\n       ','鸡精',52),(72,'\n                    5个（3个）\n    ','土鸡蛋',53),(73,'\n                    1小碗（半碗）\n   ','淘米水',53),(74,'\n                    适量\n        ','盐',53),(115,'\n                    6个\n        ','杏鲍菇',61),(116,'\n                    3个\n        ','鸡蛋',61),(117,'\n                    4克\n        ','盐',61),(118,'\n                    80克\n       ','面粉',61),(119,'\n                    20克\n       ','玉米淀粉',61),(120,'\n                    一丢丢?\n      ','五香粉',61),(121,'\n                    很多?\n       ','油',61),(131,'\n                    1个\n        ','茄子',63),(132,'\n                    150g\n      ','肉末',63),(133,'\n                    2个\n        ','\n                  \n\n    青红尖椒\n\n ',63),(134,'\n                    1勺\n        ','生抽',63),(135,'\n                    半勺\n        ','老抽',63),(136,'\n                    1勺\n        ','盐',63),(137,'\n                    1勺\n        ','白糖',63),(138,'\n                    1勺\n        ','淀粉',63),(139,'\n                    3根\n        ','葱',63),(140,'\n                    三四片\n       ','姜',63),(141,'\n                    3瓣\n        ','蒜',63),(142,'\n                    1勺\n        ','醋',63),(143,'\n                    5个（3个）\n    ','土鸡蛋',64),(144,'\n                    1小碗（半碗）\n   ','淘米水',64),(145,'\n                    适量\n        ','盐',64),(146,'\n                    1块\n        ','豆腐',65),(147,'\n                    1个\n        ','鸡蛋',65),(148,'\n                    适量\n        ','淀粉',65),(149,'\n                    半匙\n        ','盐',65),(150,'\n                    半匙\n        ','白糖',65),(151,'\n                    1勺\n        ','蚝油',65),(152,'\n                    2勺\n        ','生抽',65),(153,'\n                    2瓣\n        ','蒜末',65),(154,'\n                    250克\n      ','猪肉沫',67),(155,'\n                    4朵\n        ','香菇',67),(156,'\n                    1个\n        ','大土豆',67),(157,'\n                    4个\n        ','青红椒',67),(158,'\n                    适量\n        ','\n                  \n\n    葱花、姜末\n\n',67),(159,'\n                    2个\n        ','杏鲍菇',68),(160,'\n                    3瓣\n        ','蒜',68),(161,'\n                    1根\n        ','小葱',68),(162,'\n                    两大只\n       ','鸡腿',69),(163,'\n                    适量\n        ','姜片',69),(164,'\n                    适量\n        ','葱段',69),(165,'\n                    适量\n        ','盐',69),(166,'\n                    适量\n        ','糖',69),(167,'\n                    三到四勺\n      ','生抽',69),(168,'\n                    三到四勺\n      ','香醋',69),(169,'\n                    适量\n        ','小米辣',69),(170,'\n                    适量\n        ','蒜蓉',69),(171,'\n                    适量\n        ','柠檬',69),(172,'\n                    适量（可不加）\n   ','鸡精',69),(173,'\n                    适量\n        ','香菜',69),(174,'\n                    适量\n        ','\n                  \n\n    熟芝麻\n\n  ',69),(175,'\n                    适量\n        ','香油',69),(187,'\n                    1个\n        ','鸡蛋',71),(188,'\n                    半块\n        ','嫩豆腐',71),(189,'\n                    半盒\n        ','\n                  \n\n    海鲜菇\n\n  ',71),(190,'\n                    2克\n        ','盐',71),(191,'\n                    1勺\n        ','蚝油',71),(192,'\n                    1勺\n        ','生抽',71),(193,'\n                    2瓣\n        ','蒜',71),(194,'\n                    2克\n        ','葱花',71),(195,'\n                    200克\n      ','牛肉',72),(196,'\n                    半个\n        ','洋葱',72),(197,'\n                    适量\n        ','生抽',72),(198,'\n                    适量\n        ','老抽',72),(199,'\n                    适量\n        ','淀粉',72),(200,'\n                    适量\n        ','食盐',72),(201,'\n                    适量\n        ','胡椒粉',72),(225,'\n                    半个\n        ','包菜',76),(226,'\n                    5瓣\n        ','蒜',76),(227,'\n                    5个\n        ','干辣椒',76),(228,'\n                    1汤匙\n       ','生抽',76),(229,'\n                    2汤匙\n       ','蒸鱼豉油',76),(230,'\n                    1汤匙\n       ','蚝油',76),(231,'\n                    小半勺\n       ','鸡精',76),(246,'\n                    2个\n        ','\n                  \n\n    土豆\n\n   ',79),(247,'\n                    4瓣\n        ','\n                  \n\n    蒜\n\n    ',79),(248,'\n                    3个\n        ','\n                  \n\n    小米椒\n\n  ',79),(249,'\n                    适量\n        ','\n                  \n\n    干淀粉\n\n  ',79),(250,'\n                    2勺\n        ','\n                  \n\n    香辣酱\n\n  ',79),(251,'\n                    2勺\n        ','\n                  \n\n    蚝油\n\n   ',79),(252,'\n                    2勺\n        ','\n                  \n\n    生抽\n\n   ',79),(253,'\n                    适量\n        ','\n                  \n\n    辣椒面\n\n  ',79),(254,'\n                    适量\n        ','\n                  \n\n    孜然\n\n   ',79),(255,'\n                    适量\n        ','\n                  \n\n    芝麻\n\n   ',79),(256,'\n                    2个\n                ','\n                  \n\n    土豆\n\n   ',81),(257,'\n                    4瓣\n                ','\n                  \n\n    蒜\n\n    ',81),(258,'\n                    3个\n                ','\n                  \n\n    小米椒\n\n  ',81),(259,'\n                    适量\n                ','\n                  \n\n    干淀粉\n\n  ',81),(260,'\n                    2勺\n                ','\n                  \n\n    香辣酱\n\n  ',81),(261,'\n                    2勺\n                ','\n                  \n\n    蚝油\n\n   ',81),(262,'\n                    2勺\n                ','\n                  \n\n    生抽\n\n   ',81),(263,'\n                    适量\n                ','\n                  \n\n    辣椒面\n\n  ',81),(264,'\n                    适量\n                ','\n                  \n\n    孜然\n\n   ',81),(265,'\n                    适量\n                ','\n                  \n\n    芝麻\n\n   ',81),(280,'\n                    6个\n                ','杏鲍菇',85),(281,'\n                    3个\n                ','鸡蛋',85),(282,'\n                    4克\n                ','盐',85),(283,'\n                    80克\n                ','面粉',85),(284,'\n                    20克\n                ','玉米淀粉',85),(285,'\n                    一丢丢?\n                ','五香粉',85),(286,'\n                    很多?\n                ','油',85),(287,'\n                    1个\n                ','茄子',87),(288,'\n                    150g\n                ','肉末',87),(289,'\n                    2个\n                ','\n                  \n\n    青红尖椒\n\n ',87),(290,'\n                    1勺\n                ','生抽',87),(291,'\n                    半勺\n                ','老抽',87),(292,'\n                    1勺\n                ','盐',87),(293,'\n                    1勺\n                ','白糖',87),(294,'\n                    1勺\n                ','淀粉',87),(295,'\n                    3根\n                ','葱',87),(296,'\n                    三四片\n                ','姜',87),(297,'\n                    3瓣\n                ','蒜',87),(298,'\n                    1勺\n                ','醋',87),(299,'\n                    半个\n                ','包菜',88),(300,'\n                    5瓣\n                ','蒜',88),(301,'\n                    5个\n                ','干辣椒',88),(302,'\n                    1汤匙\n                ','生抽',88),(303,'\n                    2汤匙\n                ','蒸鱼豉油',88),(304,'\n                    1汤匙\n                ','蚝油',88),(305,'\n                    小半勺\n                ','鸡精',88),(324,'\n                    250克\n                ','猪肉沫',91),(325,'\n                    4朵\n                ','香菇',91),(326,'\n                    1个\n                ','大土豆',91),(327,'\n                    4个\n                ','青红椒',91),(328,'\n                    适量\n                ','\n                  \n\n    葱花、姜末\n\n',91),(329,'\n                    1个\n                ','鸡蛋',92),(330,'\n                    半块\n                ','嫩豆腐',92),(331,'\n                    半盒\n                ','\n                  \n\n    海鲜菇\n\n  ',92),(332,'\n                    2克\n                ','盐',92),(333,'\n                    1勺\n                ','蚝油',92),(334,'\n                    1勺\n                ','生抽',92),(335,'\n                    2瓣\n                ','蒜',92),(336,'\n                    2克\n                ','葱花',92),(346,'\n                    1块\n                ','豆腐',94),(347,'\n                    1个\n                ','鸡蛋',94),(348,'\n                    适量\n                ','淀粉',94),(349,'\n                    半匙\n                ','盐',94),(350,'\n                    半匙\n                ','白糖',94),(351,'\n                    1勺\n                ','蚝油',94),(352,'\n                    2勺\n                ','生抽',94),(353,'\n                    2瓣\n                ','蒜末',94),(365,'\n                    5个（3个）\n                ','土鸡蛋',96),(366,'\n                    1小碗（半碗）\n                ','淘米水',96),(367,'\n                    适量\n                ','盐',96),(373,'\n                    2个\n                ','杏鲍菇',98),(374,'\n                    3瓣\n                ','蒜',98),(375,'\n                    1根\n                ','小葱',98),(376,'\n                    200克\n                ','牛肉',99),(377,'\n                    半个\n                ','洋葱',99),(378,'\n                    适量\n                ','生抽',99),(379,'\n                    适量\n                ','老抽',99),(380,'\n                    适量\n                ','淀粉',99),(381,'\n                    适量\n                ','食盐',99),(382,'\n                    适量\n                ','胡椒粉',99),(383,'\n                    两大只\n                ','鸡腿',100),(384,'\n                    适量\n                ','姜片',100),(385,'\n                    适量\n                ','葱段',100),(386,'\n                    适量\n                ','盐',100),(387,'\n                    适量\n                ','糖',100),(388,'\n                    三到四勺\n                ','生抽',100),(389,'\n                    三到四勺\n                ','香醋',100),(390,'\n                    适量\n                ','小米辣',100),(391,'\n                    适量\n                ','蒜蓉',100),(392,'\n                    适量\n                ','柠檬',100),(393,'\n                    适量（可不加）\n                ','鸡精',100),(394,'\n                    适量\n                ','香菜',100),(395,'\n                    适量\n                ','\n                  \n\n    熟芝麻\n\n  ',100),(396,'\n                    适量\n                ','香油',100),(397,'\n                    200克\n                ','牛肉',101),(398,'\n                    半个\n                ','洋葱',101),(399,'\n                    适量\n                ','生抽',101),(400,'\n                    适量\n                ','老抽',101),(401,'\n                    适量\n                ','淀粉',101),(402,'\n                    适量\n                ','食盐',101),(403,'\n                    适量\n                ','胡椒粉',101),(404,'\n                    6个\n                ','杏鲍菇',102),(405,'\n                    3个\n                ','鸡蛋',102),(406,'\n                    4克\n                ','盐',102),(407,'\n                    80克\n                ','面粉',102),(408,'\n                    20克\n                ','玉米淀粉',102),(409,'\n                    一丢丢?\n                ','五香粉',102),(410,'\n                    很多?\n                ','油',102),(411,'\n                    5个（3个）\n                ','土鸡蛋',103),(412,'\n                    1小碗（半碗）\n                ','淘米水',103),(413,'\n                    适量\n                ','盐',103),(414,'\n                    半个\n                ','包菜',104),(415,'\n                    5瓣\n                ','蒜',104),(416,'\n                    5个\n                ','干辣椒',104),(417,'\n                    1汤匙\n                ','生抽',104),(418,'\n                    2汤匙\n                ','蒸鱼豉油',104),(419,'\n                    1汤匙\n                ','蚝油',104),(420,'\n                    小半勺\n                ','鸡精',104),(457,'\n                    2个\n                ','\n                  \n\n    土豆\n\n   ',109),(458,'\n                    4瓣\n                ','\n                  \n\n    蒜\n\n    ',109),(459,'\n                    3个\n                ','\n                  \n\n    小米椒\n\n  ',109),(460,'\n                    适量\n                ','\n                  \n\n    干淀粉\n\n  ',109),(461,'\n                    2勺\n                ','\n                  \n\n    香辣酱\n\n  ',109),(462,'\n                    2勺\n                ','\n                  \n\n    蚝油\n\n   ',109),(463,'\n                    2勺\n                ','\n                  \n\n    生抽\n\n   ',109),(464,'\n                    适量\n                ','\n                  \n\n    辣椒面\n\n  ',109),(465,'\n                    适量\n                ','\n                  \n\n    孜然\n\n   ',109),(466,'\n                    适量\n                ','\n                  \n\n    芝麻\n\n   ',109),(467,'\n                    两大只\n                ','鸡腿',111),(468,'\n                    适量\n                ','姜片',111),(469,'\n                    适量\n                ','葱段',111),(470,'\n                    适量\n                ','盐',111),(471,'\n                    适量\n                ','糖',111),(472,'\n                    三到四勺\n                ','生抽',111),(473,'\n                    三到四勺\n                ','香醋',111),(474,'\n                    适量\n                ','小米辣',111),(475,'\n                    适量\n                ','蒜蓉',111),(476,'\n                    适量\n                ','柠檬',111),(477,'\n                    适量（可不加）\n                ','鸡精',111),(478,'\n                    适量\n                ','香菜',111),(479,'\n                    适量\n                ','\n                  \n\n    熟芝麻\n\n  ',111),(480,'\n                    适量\n                ','香油',111),(481,'\n                    2个\n                ','杏鲍菇',112),(482,'\n                    3瓣\n                ','蒜',112),(483,'\n                    1根\n                ','小葱',112),(495,'\n                    1个\n                ','鸡蛋',114),(496,'\n                    半块\n                ','嫩豆腐',114),(497,'\n                    半盒\n                ','\n                  \n\n    海鲜菇\n\n  ',114),(498,'\n                    2克\n                ','盐',114),(499,'\n                    1勺\n                ','蚝油',114),(500,'\n                    1勺\n                ','生抽',114),(501,'\n                    2瓣\n                ','蒜',114),(502,'\n                    2克\n                ','葱花',114),(503,'\n                    250克\n                ','猪肉沫',115),(504,'\n                    4朵\n                ','香菇',115),(505,'\n                    1个\n                ','大土豆',115),(506,'\n                    4个\n                ','青红椒',115),(507,'\n                    适量\n                ','\n                  \n\n    葱花、姜末\n\n',115),(515,'\n                    1个\n                ','茄子',117),(516,'\n                    150g\n                ','肉末',117),(517,'\n                    2个\n                ','\n                  \n\n    青红尖椒\n\n ',117),(518,'\n                    1勺\n                ','生抽',117),(519,'\n                    半勺\n                ','老抽',117),(520,'\n                    1勺\n                ','盐',117),(521,'\n                    1勺\n                ','白糖',117),(522,'\n                    1勺\n                ','淀粉',117),(523,'\n                    3根\n                ','葱',117),(524,'\n                    三四片\n                ','姜',117),(525,'\n                    3瓣\n                ','蒜',117),(526,'\n                    1勺\n                ','醋',117),(549,'\n                    2个\n                ','杏鲍菇',142),(550,'\n                    3瓣\n                ','蒜',142),(551,'\n                    1根\n                ','小葱',142),(552,'\n                    2个\n                ','\n                  \n\n    土豆\n\n   ',143),(553,'\n                    4瓣\n                ','\n                  \n\n    蒜\n\n    ',143),(554,'\n                    3个\n                ','\n                  \n\n    小米椒\n\n  ',143),(555,'\n                    适量\n                ','\n                  \n\n    干淀粉\n\n  ',143),(556,'\n                    2勺\n                ','\n                  \n\n    香辣酱\n\n  ',143),(557,'\n                    2勺\n                ','\n                  \n\n    蚝油\n\n   ',143),(558,'\n                    2勺\n                ','\n                  \n\n    生抽\n\n   ',143),(559,'\n                    适量\n                ','\n                  \n\n    辣椒面\n\n  ',143),(560,'\n                    适量\n                ','\n                  \n\n    孜然\n\n   ',143),(561,'\n                    适量\n                ','\n                  \n\n    芝麻\n\n   ',143),(562,'\n                    1块\n                ','豆腐',144),(563,'\n                    1个\n                ','鸡蛋',144),(564,'\n                    适量\n                ','淀粉',144),(565,'\n                    半匙\n                ','盐',144),(566,'\n                    半匙\n                ','白糖',144),(567,'\n                    1勺\n                ','蚝油',144),(568,'\n                    2勺\n                ','生抽',144),(569,'\n                    2瓣\n                ','蒜末',144),(570,'\n                    250克\n                ','猪肉沫',145),(571,'\n                    4朵\n                ','香菇',145),(572,'\n                    1个\n                ','大土豆',145),(573,'\n                    4个\n                ','青红椒',145),(574,'\n                    适量\n                ','\n                  \n\n    葱花、姜末\n\n',145),(578,'\n                    两大只\n                ','鸡腿',147),(579,'\n                    适量\n                ','姜片',147),(580,'\n                    适量\n                ','葱段',147),(581,'\n                    适量\n                ','盐',147),(582,'\n                    适量\n                ','糖',147),(583,'\n                    三到四勺\n                ','生抽',147),(584,'\n                    三到四勺\n                ','香醋',147),(585,'\n                    适量\n                ','小米辣',147),(586,'\n                    适量\n                ','蒜蓉',147),(587,'\n                    适量\n                ','柠檬',147),(588,'\n                    适量（可不加）\n                ','鸡精',147),(589,'\n                    适量\n                ','香菜',147),(590,'\n                    适量\n                ','\n                  \n\n    熟芝麻\n\n  ',147),(591,'\n                    适量\n                ','香油',147),(592,'\n                    200克\n                ','牛肉',148),(593,'\n                    半个\n                ','洋葱',148),(594,'\n                    适量\n                ','生抽',148),(595,'\n                    适量\n                ','老抽',148),(596,'\n                    适量\n                ','淀粉',148),(597,'\n                    适量\n                ','食盐',148),(598,'\n                    适量\n                ','胡椒粉',148),(628,'2个','杏鲍菇',152),(629,'3瓣','蒜',152),(630,'1根','小葱',152),(647,'两大只','鸡腿',155),(648,'适量','姜片',155),(649,'适量','葱段',155),(650,'适量','盐',155),(651,'适量','糖',155),(652,'三到四勺','生抽',155),(653,'三到四勺','香醋',155),(654,'适量','小米辣',155),(655,'适量','蒜蓉',155),(656,'适量','柠檬',155),(657,'适量（可不加）','鸡精',155),(658,'适量','香菜',155),(659,'适量','熟芝麻',155),(660,'适量','香油',155),(661,'1.5斤','虾',156),(662,'0.5斤','鸡翅中',156),(663,'1节','藕',156),(664,'2根','莴笋',156),(665,'2个（中等个头）','土豆',156),(666,'1包','年糕条',156),(667,'1个','洋葱',156),(668,'1包','海底捞麻辣香锅底料',156),(669,'1根','大葱',156),(670,'适量','干辣椒',156),(671,'4瓣','大蒜',156),(672,'1棵','香菜',156),(673,'一小撮','花椒',156),(674,'少量','香叶',156),(675,'一把','白芝麻',156),(676,'少量','盐（腌鸡翅）',156),(677,'适量','淀粉',156),(678,'半锅','食用油',156),(679,'一大勺','生抽',156),(680,'1块','豆腐',157),(681,'1个','鸡蛋',157),(682,'适量','淀粉',157),(683,'半匙','盐',157),(684,'半匙','白糖',157),(685,'1勺','蚝油',157),(686,'2勺','生抽',157),(687,'2瓣','蒜末',157),(688,'1个','茄子',158),(689,'150g','肉末',158),(690,'2个','青红尖椒',158),(691,'1勺','生抽',158),(692,'半勺','老抽',158),(693,'1勺','盐',158),(694,'1勺','白糖',158),(695,'1勺','淀粉',158),(696,'3根','葱',158),(697,'三四片','姜',158),(698,'3瓣','蒜',158),(699,'1勺','醋',158),(721,'5个（3个）','土鸡蛋',162),(722,'1小碗（半碗）','淘米水',162),(723,'适量','盐',162),(724,'6个','杏鲍菇',163),(725,'3个','鸡蛋',163),(726,'4克','盐',163),(727,'80克','面粉',163),(728,'20克','玉米淀粉',163),(729,'一丢丢?','五香粉',163),(730,'很多?','油',163),(731,'1个','鸡蛋',164),(732,'半块','嫩豆腐',164),(733,'半盒','海鲜菇',164),(734,'2克','盐',164),(735,'1勺','蚝油',164),(736,'1勺','生抽',164),(737,'2瓣','蒜',164),(738,'2克','葱花',164),(750,'两大只','鸡腿',166),(751,'适量','姜片',166),(752,'适量','葱段',166),(753,'适量','盐',166),(754,'适量','糖',166),(755,'三到四勺','生抽',166),(756,'三到四勺','香醋',166),(757,'适量','小米辣',166),(758,'适量','蒜蓉',166),(759,'适量','柠檬',166),(760,'适量（可不加）','鸡精',166),(761,'适量','香菜',166),(762,'适量','熟芝麻',166),(763,'适量','香油',166),(775,'半个','包菜',168),(776,'5瓣','蒜',168),(777,'5个','干辣椒',168),(778,'1汤匙','生抽',168),(779,'2汤匙','蒸鱼豉油',168),(780,'1汤匙','蚝油',168),(781,'小半勺','鸡精',168),(794,'我喜欢吃瘦的 所以都会买这两个位置','牛里脊、牛后臀都可以',170),(795,'一点点','白胡椒粉',170),(796,'半勺','蚝油',170),(797,'半勺','生抽',170),(798,'适量','油',170),(799,'3勺','玉米淀粉',170),(800,'5个（3个）','土鸡蛋',171),(801,'1小碗（半碗）','淘米水',171),(802,'适量','盐',171),(803,'1.5斤','虾',172),(804,'0.5斤','鸡翅中',172),(805,'1节','藕',172),(806,'2根','莴笋',172),(807,'2个（中等个头）','土豆',172),(808,'1包','年糕条',172),(809,'1个','洋葱',172),(810,'1包','海底捞麻辣香锅底料',172),(811,'1根','大葱',172),(812,'适量','干辣椒',172),(813,'4瓣','大蒜',172),(814,'1棵','香菜',172),(815,'一小撮','花椒',172),(816,'少量','香叶',172),(817,'一把','白芝麻',172),(818,'少量','盐（腌鸡翅）',172),(819,'适量','淀粉',172),(820,'半锅','食用油',172),(821,'一大勺','生抽',172),(836,'250克','猪肉沫',176),(837,'4朵','香菇',176),(838,'1个','大土豆',176),(839,'4个','青红椒',176),(840,'适量','葱花、姜末',176),(841,'200克','牛肉',177),(842,'半个','洋葱',177),(843,'适量','生抽',177),(844,'适量','老抽',177),(845,'适量','淀粉',177),(846,'适量','食盐',177),(847,'适量','胡椒粉',177),(848,'2个','杏鲍菇',178),(849,'3瓣','蒜',178),(850,'1根','小葱',178),(862,'2个','土豆',180),(863,'4瓣','蒜',180),(864,'3个','小米椒',180),(865,'适量','干淀粉',180),(866,'2勺','香辣酱',180),(867,'2勺','蚝油',180),(868,'2勺','生抽',180),(869,'适量','辣椒面',180),(870,'适量','孜然',180),(871,'适量','芝麻',180),(883,'两大只','鸡腿',183),(884,'适量','姜片',183),(885,'适量','葱段',183),(886,'适量','盐',183),(887,'适量','糖',183),(888,'三到四勺','生抽',183),(889,'三到四勺','香醋',183),(890,'适量','小米辣',183),(891,'适量','蒜蓉',183),(892,'适量','柠檬',183),(893,'适量（可不加）','鸡精',183),(894,'适量','香菜',183),(895,'适量','熟芝麻',183),(896,'适量','香油',183),(908,'1个','茄子',185),(909,'150g','肉末',185),(910,'2个','青红尖椒',185),(911,'1勺','生抽',185),(912,'半勺','老抽',185),(913,'1勺','盐',185),(914,'1勺','白糖',185),(915,'1勺','淀粉',185),(916,'3根','葱',185),(917,'三四片','姜',185),(918,'3瓣','蒜',185),(919,'1勺','醋',185),(929,'5个（3个）','土鸡蛋',187),(930,'1小碗（半碗）','淘米水',187),(931,'适量','盐',187),(932,'半个','包菜',188),(933,'5瓣','蒜',188),(934,'5个','干辣椒',188),(935,'1汤匙','生抽',188),(936,'2汤匙','蒸鱼豉油',188),(937,'1汤匙','蚝油',188),(938,'小半勺','鸡精',188),(944,'1块','豆腐',190),(945,'1个','鸡蛋',190),(946,'适量','淀粉',190),(947,'半匙','盐',190),(948,'半匙','白糖',190),(949,'1勺','蚝油',190),(950,'2勺','生抽',190),(951,'2瓣','蒜末',190),(952,'1个','鸡蛋',191),(953,'半块','嫩豆腐',191),(954,'半盒','海鲜菇',191),(955,'2克','盐',191),(956,'1勺','蚝油',191),(957,'1勺','生抽',191),(958,'2瓣','蒜',191),(959,'2克','葱花',191),(972,'1.5斤','虾',193),(973,'0.5斤','鸡翅中',193),(974,'1节','藕',193),(975,'2根','莴笋',193),(976,'2个（中等个头）','土豆',193),(977,'1包','年糕条',193),(978,'1个','洋葱',193),(979,'1包','海底捞麻辣香锅底料',193),(980,'1根','大葱',193),(981,'适量','干辣椒',193),(982,'4瓣','大蒜',193),(983,'1棵','香菜',193),(984,'一小撮','花椒',193),(985,'少量','香叶',193),(986,'一把','白芝麻',193),(987,'少量','盐（腌鸡翅）',193),(988,'适量','淀粉',193),(989,'半锅','食用油',193),(990,'一大勺','生抽',193),(1004,'2个','杏鲍菇',196),(1005,'1块','鸡胸肉',196),(1006,'1个','青椒',196),(1007,'1段','胡萝卜',196),(1008,'1块','洋葱',196),(1009,'3瓣','蒜',196),(1010,'1勺','淀粉',196),(1011,'1勺','盐',196),(1012,'1勺','糖',196),(1013,'少量','黑胡椒',196),(1014,'1滴','蚝油',196),(1015,'1勺','生抽',196),(1016,'1勺','香油',196),(1050,'1块','豆腐',200),(1051,'1个','鸡蛋',200),(1052,'适量','淀粉',200),(1053,'半匙','盐',200),(1054,'半匙','白糖',200),(1055,'1勺','蚝油',200),(1056,'2勺','生抽',200),(1057,'2瓣','蒜末',200),(1070,'半个','包菜',202),(1071,'5瓣','蒜',202),(1072,'5个','干辣椒',202),(1073,'1汤匙','生抽',202),(1074,'2汤匙','蒸鱼豉油',202),(1075,'1汤匙','蚝油',202),(1076,'小半勺','鸡精',202),(1077,'1.5斤','虾',203),(1078,'0.5斤','鸡翅中',203),(1079,'1节','藕',203),(1080,'2根','莴笋',203),(1081,'2个（中等个头）','土豆',203),(1082,'1包','年糕条',203),(1083,'1个','洋葱',203),(1084,'1包','海底捞麻辣香锅底料',203),(1085,'1根','大葱',203),(1086,'适量','干辣椒',203),(1087,'4瓣','大蒜',203),(1088,'1棵','香菜',203),(1089,'一小撮','花椒',203),(1090,'少量','香叶',203),(1091,'一把','白芝麻',203),(1092,'少量','盐（腌鸡翅）',203),(1093,'适量','淀粉',203),(1094,'半锅','食用油',203),(1095,'一大勺','生抽',203),(1097,'两大只','鸡腿',205),(1098,'适量','姜片',205),(1099,'适量','葱段',205),(1100,'适量','盐',205),(1101,'适量','糖',205),(1102,'三到四勺','生抽',205),(1103,'三到四勺','香醋',205),(1104,'适量','小米辣',205),(1105,'适量','蒜蓉',205),(1106,'适量','柠檬',205),(1107,'适量（可不加）','鸡精',205),(1108,'适量','香菜',205),(1109,'适量','熟芝麻',205),(1110,'适量','香油',205),(1111,'250克','猪肉沫',206),(1112,'4朵','香菇',206),(1113,'1个','大土豆',206),(1114,'4个','青红椒',206),(1115,'适量','葱花、姜末',206),(1127,'2个','杏鲍菇',209),(1128,'3瓣','蒜',209),(1129,'1根','小葱',209),(1141,'1个','茄子',211),(1142,'150g','肉末',211),(1143,'2个','青红尖椒',211),(1144,'1勺','生抽',211),(1145,'半勺','老抽',211),(1146,'1勺','盐',211),(1147,'1勺','白糖',211),(1148,'1勺','淀粉',211),(1149,'3根','葱',211),(1150,'三四片','姜',211),(1151,'3瓣','蒜',211),(1152,'1勺','醋',211),(1158,'1个','鸡蛋',213),(1159,'半块','嫩豆腐',213),(1160,'半盒','海鲜菇',213),(1161,'2克','盐',213),(1162,'1勺','蚝油',213),(1163,'1勺','生抽',213),(1164,'2瓣','蒜',213),(1165,'2克','葱花',213),(1166,'我喜欢吃瘦的 所以都会买这两个位置','牛里脊、牛后臀都可以',214),(1167,'一点点','白胡椒粉',214),(1168,'半勺','蚝油',214),(1169,'半勺','生抽',214),(1170,'适量','油',214),(1171,'3勺','玉米淀粉',214),(1172,'2个','土豆',215),(1173,'4瓣','蒜',215),(1174,'3个','小米椒',215),(1175,'适量','干淀粉',215),(1176,'2勺','香辣酱',215),(1177,'2勺','蚝油',215),(1178,'2勺','生抽',215),(1179,'适量','辣椒面',215),(1180,'适量','孜然',215),(1181,'适量','芝麻',215),(1182,'2个','杏鲍菇',216),(1183,'3瓣','蒜',216),(1184,'1根','小葱',216),(1194,'2个','土豆',218),(1195,'4瓣','蒜',218),(1196,'3个','小米椒',218),(1197,'适量','干淀粉',218),(1198,'2勺','香辣酱',218),(1199,'2勺','蚝油',218),(1200,'2勺','生抽',218),(1201,'适量','辣椒面',218),(1202,'适量','孜然',218),(1203,'适量','芝麻',218),(1220,'两大只','鸡腿',221),(1221,'适量','姜片',221),(1222,'适量','葱段',221),(1223,'适量','盐',221),(1224,'适量','糖',221),(1225,'三到四勺','生抽',221),(1226,'三到四勺','香醋',221),(1227,'适量','小米辣',221),(1228,'适量','蒜蓉',221),(1229,'适量','柠檬',221),(1230,'适量（可不加）','鸡精',221),(1231,'适量','香菜',221),(1232,'适量','熟芝麻',221),(1233,'适量','香油',221),(1245,'我喜欢吃瘦的 所以都会买这两个位置','牛里脊、牛后臀都可以',223),(1246,'一点点','白胡椒粉',223),(1247,'半勺','蚝油',223),(1248,'半勺','生抽',223),(1249,'适量','油',223),(1250,'3勺','玉米淀粉',223),(1251,'1个','茄子',224),(1252,'150g','肉末',224),(1253,'2个','青红尖椒',224),(1254,'1勺','生抽',224),(1255,'半勺','老抽',224),(1256,'1勺','盐',224),(1257,'1勺','白糖',224),(1258,'1勺','淀粉',224),(1259,'3根','葱',224),(1260,'三四片','姜',224),(1261,'3瓣','蒜',224),(1262,'1勺','醋',224),(1263,'1块','豆腐',225),(1264,'1个','鸡蛋',225),(1265,'适量','淀粉',225),(1266,'半匙','盐',225),(1267,'半匙','白糖',225),(1268,'1勺','蚝油',225),(1269,'2勺','生抽',225),(1270,'2瓣','蒜末',225),(1271,'250克','猪肉沫',226),(1272,'4朵','香菇',226),(1273,'1个','大土豆',226),(1274,'4个','青红椒',226),(1275,'适量','葱花、姜末',226),(1276,'1个','鸡蛋',227),(1277,'半块','嫩豆腐',227),(1278,'半盒','海鲜菇',227),(1279,'2克','盐',227),(1280,'1勺','蚝油',227),(1281,'1勺','生抽',227),(1282,'2瓣','蒜',227),(1283,'2克','葱花',227),(1296,'半个','包菜',230),(1297,'5瓣','蒜',230),(1298,'5个','干辣椒',230),(1299,'1汤匙','生抽',230),(1300,'2汤匙','蒸鱼豉油',230),(1301,'1汤匙','蚝油',230),(1302,'小半勺','鸡精',230),(1315,'1.5斤','虾',232),(1316,'0.5斤','鸡翅中',232),(1317,'1节','藕',232),(1318,'2根','莴笋',232),(1319,'2个（中等个头）','土豆',232),(1320,'1包','年糕条',232),(1321,'1个','洋葱',232),(1322,'1包','海底捞麻辣香锅底料',232),(1323,'1根','大葱',232),(1324,'适量','干辣椒',232),(1325,'4瓣','大蒜',232),(1326,'1棵','香菜',232),(1327,'一小撮','花椒',232),(1328,'少量','香叶',232),(1329,'一把','白芝麻',232),(1330,'少量','盐（腌鸡翅）',232),(1331,'适量','淀粉',232),(1332,'半锅','食用油',232),(1333,'一大勺','生抽',232),(1334,'2个','杏鲍菇',233),(1335,'1块','鸡胸肉',233),(1336,'1个','青椒',233),(1337,'1段','胡萝卜',233),(1338,'1块','洋葱',233),(1339,'3瓣','蒜',233),(1340,'1勺','淀粉',233),(1341,'1勺','盐',233),(1342,'1勺','糖',233),(1343,'少量','黑胡椒',233),(1344,'1滴','蚝油',233),(1345,'1勺','生抽',233),(1346,'1勺','香油',233);
/*!40000 ALTER TABLE `recipe_ingredients` ENABLE KEYS */;
UNLOCK TABLES;

--
-- Table structure for table `recipe_recipe`
--

DROP TABLE IF EXISTS `recipe_recipe`;
/*!40101 SET @saved_cs_client     = @@character_set_client */;
/*!50503 SET character_set_client = utf8mb4 */;
CREATE TABLE `recipe_recipe` (
  `rcp_id` int(11) NOT NULL AUTO_INCREMENT,
  `rcp_name` varchar(64) NOT NULL,
  `rcp_descript` longtext CHARACTER SET utf8mb4 COLLATE utf8mb4_0900_ai_ci NOT NULL,
  `cateid_id` int(11) NOT NULL,
  `tasteid_id` int(11) NOT NULL,
  `userid_id` int(11) NOT NULL,
  `rcp_img` varchar(100) NOT NULL,
  `total_view` int(10) unsigned NOT NULL,
  PRIMARY KEY (`rcp_id`),
  KEY `recipe_recipe_cateid_id_3291cd17_fk_recipe_category_id` (`cateid_id`),
  KEY `recipe_recipe_tasteid_id_855f4ba2_fk_recipe_taste_id` (`tasteid_id`),
  KEY `recipe_recipe_userid_id_0bed78cf_fk_userinfo_id` (`userid_id`),
  CONSTRAINT `recipe_recipe_cateid_id_3291cd17_fk_recipe_category_id` FOREIGN KEY (`cateid_id`) REFERENCES `recipe_category` (`id`),
  CONSTRAINT `recipe_recipe_tasteid_id_855f4ba2_fk_recipe_taste_id` FOREIGN KEY (`tasteid_id`) REFERENCES `recipe_taste` (`id`),
  CONSTRAINT `recipe_recipe_userid_id_0bed78cf_fk_userinfo_id` FOREIGN KEY (`userid_id`) REFERENCES `userinfo` (`id`)
) ENGINE=InnoDB AUTO_INCREMENT=236 DEFAULT CHARSET=utf8;
/*!40101 SET character_set_client = @saved_cs_client */;

--
-- Dumping data for table `recipe_recipe`
--

LOCK TABLES `recipe_recipe` WRITE;
/*!40000 ALTER TABLE `recipe_recipe` DISABLE KEYS */;
INSERT INTO `recipe_recipe` VALUES (1,'蜜汁鸡翅','蜜汁鸡翅一直以来都是我的心头大爱，香嫩口感带来抵挡不住的美味诱惑，色香味俱全，营养又健康做法也简单，一个接着一个吃！',1,2,1,'recipes/1/蜜汁鸡翅/n5140155_155196507926838.jpg',96),(3,'可乐鸡翅','鸡翅根是鸡身上最为鲜嫩可口的部位之一，相比于鸡大腿，肉要少些，但比鸡翅又要多点，除一根骨头外其余全是肉；可烤可蒸还可烧，吃法多种多样，两口一根很是过瘾。平时吃多了烤翅根，今儿我们换换口味，全程不放一粒水，全部改用它，煎一煎焖一焖十几分钟就能搞定，不仅营养丰富，而且还非常好吃，我家隔一段时间就会做一次，家人都非常喜欢吃；最为关键是的做法特别地简单快速，即使是厨房小白看一遍也能学会， 下面我们就来看下具体的做法吧！',1,1,13,'recipes/13/可乐鸡翅/22.jpg',8),(4,'番茄鸡蛋','国民菜，家常菜，喜欢',1,2,13,'recipes/13/番茄鸡蛋/111.jpg',8),(5,'香菇炖豆腐','非常喜欢香菇和豆腐，经常放一起炖着吃，两种食材都经煮，越炖越香。',2,6,12,'recipes/12/香菇炖豆腐/n2983154_157472226027356.jpg',15),(7,'鱼香肉丝','最近迷上了下饭菜了～ ',1,2,12,'recipes/12/鱼香肉丝/22.jpg',1),(8,'香煎豆腐','这真的是我吃过最好吃的豆腐做法啦。小伙伴们赶紧试试吧，真的好吃哦。 ',1,9,12,'recipes/12/香煎豆腐/11.jpg',2),(9,'养颜补气汤','入冬了，可以温补了',5,7,12,'recipes/12/养颜补气汤/33.jpg',6),(10,'猪蹄鸡爪汤','天气越来越冷了，煲个猪蹄鸡爪汤让脸砰砰砰。胶原蛋白的摄取其实食补是最直接安全的，市面上各种胶原蛋白营养品说实话真的对身体产生的副作用让你想象不到。不如老老实实多运动多通过食疗来让自己重回十八岁。这款猪蹄鸡爪胶原蛋白大补汤可以说是满满的胶原蛋白（由于煲多了个到第二天发现汤汁全部都成胶冻状）甜玉米红枣枸杞的清甜全部都煮出来了，搭配着猪蹄和鸡爪胶香，简直好喝哭，老人小孩都可以喝。立个flag准备以后每周喝一次 ',5,7,13,'recipes/13/猪蹄鸡爪汤/44.jpg',3),(11,'肉泥豆腐蒸蛋','蒸鸡蛋羹',1,1,11,'recipes/11/肉泥豆腐蒸蛋/n_157543045207471.jpg',1),(12,'凉拌黄瓜','下班回家看见满桌的肉食，没有一道素菜，每顿饭都希望有道素菜，于是乎有了这道凉拌黄瓜丝。',2,6,11,'recipes/11/凉拌黄瓜/QQ截图20191207113315.jpg',1),(13,'凉拌木耳','凉拌木耳，酸辣有味～',2,4,13,'recipes/13/凉拌木耳/QQ截图20191207113917.jpg',2),(14,'田螺鸡爪汤','一日三餐的分享',5,6,13,'recipes/13/田螺鸡爪汤/n9652626_149442104173605.jpg',1),(15,'简易版菠萝派','菠萝季就要吃菠萝，用挞皮做了简易版的菠萝派，酸酸甜甜的，非常香酥可口。',3,6,11,'recipes/11/简易版菠萝派/n5458252_149275883895296.jpg',2),(16,'松饼','软软的松饼',3,6,11,'recipes/11/松饼/QQ截图20191207144042.jpg',0),(17,'迷你鲜虾披萨','鲜香美味，一个人干掉好多个。',4,6,11,'recipes/11/迷你鲜虾披萨/n2468684_142174994453133.jpg',1),(18,'广东蜜汁叉烧肉','叉烧肉在以前是插烧，叉是象形字，烧是象声词，久而久之，成为了一道菜名——叉烧。“叉烧”是从“插烧”发展而来的。插烧是将猪的里脊肉加插在烤全猪腹内，经烧烤而成。因为，一只烤全猪最鲜美处是里脊肉。但一只猪，只有两块里脊，难于满足食家需要。于是人们便想出插烧之法。但这也只能插几条，更多一点就烧不成了。后来，又改为将数条里脊肉串起来叉着来烧，久而久之插烧之名便被叉烧所替代。',7,6,12,'recipes/12/广东蜜汁叉烧肉/QQ截图20191207145756.jpg',6),(19,'干拌面','好吃的',14,3,12,'recipes/12/干拌面/n113291_154727017803736.jpg',2),(52,'手撕包菜（米饭杀手系列二）','<div class=\"desc mt30\" itemprop=\"description\">\n        人人都爱吃的<a href=\"/category/40078/\">下饭菜</a> &nbsp;火候是关键喔\n      </div>',1,2,1,'http://i5.chuimg.com/80b2fbf6d6c547dca21b61fe1c875f48_1080w_810h.jpg',0),(53,'零失败镜面蒸蛋羹（新手必备菜）','<div class=\"desc mt30\" itemprop=\"description\">\n        我家祖传蒸蛋羹，像<a href=\"/category/20163/\">布丁</a>一样?。（最后面有量小版本）\n      </div>',1,2,1,'http://i1.chuimg.com/c731fb62cfa947edacff495fdb311829_2999w_3998h.jpg',0),(61,'椒盐杏鲍菇','<div class=\"desc mt30\" itemprop=\"description\">\n        天天研究着吃！今天研究了一个新品❤️\n      </div>',1,2,1,'http://i5.chuimg.com/8b7f81ddd09c46648c23cc649a2fb269_2160w_2880h.jpg',0),(63,'肉末茄子','<div class=\"desc mt30\" itemprop=\"description\">\n        说到茄子，这是一种不管什么烧法，都好吃得不得了的食材。这次要介绍的，是好吃下饭到吃了两碗还舔碗的肉末茄子。这道菜的亮点在于肥而不腻、酱香浓厚、微辣鲜甜。茄子的质地厚实、绵软细腻但却不缺乏海绵般饱满的口感，有点大肥肉的意思，但入味的茄子真是比肉还好吃，充分的吸收肉末的鲜香荤油的味道，让整道菜不会过分的油腻。夹起一块浸泡在鲜美酱汁里的软烂的茄子，上面还些许香味十足的五花肉末，连着一口粘到酱汁的被油汁浸透米饭吞下，大脑已经一片空白只记得狼吞虎咽。而且这道菜的做法也是非常的简单，不管家里有几个人，焖上一锅肉末茄子总是不会出错的。\n      </div>',1,2,1,'http://i5.chuimg.com/327e292e389f4de7a0ab0ff99797f650_751w_600h.jpg',0),(64,'零失败镜面蒸蛋羹（新手必备菜）','<div class=\"desc mt30\" itemprop=\"description\">\n        我家祖传蒸蛋羹，像<a href=\"/category/20163/\">布丁</a>一样?。（最后面有量小版本）\n      </div>',1,2,1,'http://i1.chuimg.com/c731fb62cfa947edacff495fdb311829_2999w_3998h.jpg',0),(65,'无敌好吃的香煎豆腐','<div class=\"desc mt30\" itemprop=\"description\">\n        这真的是我吃过最好吃的豆腐做法啦。小伙伴们赶紧试试吧，真的好吃哦。\n      </div>',1,2,1,'http://i1.chuimg.com/3f80ae8c64ec4166911ed15a10116d44_1124w_1500h.jpg',0),(67,'㊙️香菇土豆肉沫拌饭❗️比外卖还好吃','<div class=\"desc mt30\" itemprop=\"description\">\n        ?今天分享的这份香菇土豆肉沫饭，真的太好吃了，做法简单，有肉有菜有饭，大人宝宝都爱吃哈～\n      </div>',1,2,1,'http://i5.chuimg.com/159a930a837e44ad9def1a9ea93e04e9_4033w_3024h.jpg',0),(68,'酱汁杏鲍菇❗比肉还好吃','<div class=\"desc mt30\" itemprop=\"description\">\n        杏鲍菇这样做，真的比肉还好吃，关键还低脂低卡，好吃不胖，超级简单易做，分分钟搞定，喜欢的赶快试试吧～\n      </div>',1,2,1,'http://i5.chuimg.com/055c62a4b1144f4c88b420250a100b2b_1500w_1124h.jpg',0),(69,'家庭版的手撕鸡','<div class=\"desc mt30\" itemprop=\"description\">\n        最常见的<a href=\"/category/40076/\">家常菜</a> 做法简单易懂，菜谱中很多材料都是适量，每个人口味轻重不同 根据自己喜好加多加少❤️\n      </div>',1,2,1,'http://i5.chuimg.com/3fb9bcaa3f574226bd0298c9def6308d_1124w_899h.jpg',0),(71,'鲜美豆腐汤的简单做法','<div class=\"desc mt30\" itemprop=\"description\">\n        上次做了豆腐汤，里面加了干贝和虾仁，所以味道很鲜美，有朋友说家里没有干贝和虾仁怎么办，其实即便没有也可以做出很鲜美的豆腐汤哦，非常简单的食材，随时都可以做，低脂高蛋白又营养! &nbsp;这道菜我和儿子都很喜欢，<a href=\"/category/30048/\">减肥</a>的我晚上也喝了几碗?\n      </div>',1,2,1,'http://i1.chuimg.com/0fe716f0123d4e5db485ec3044f4589f_912w_684h.jpg',0),(72,'黑椒洋葱牛肉','试试吧',1,2,1,'http://i5.chuimg.com/e3949a45cd904c5aa279af4375556ad5_912w_684h.jpg',0),(76,'手撕包菜（米饭杀手系列二）','<div class=\"desc mt30\" itemprop=\"description\">\n        人人都爱吃的<a href=\"/category/40078/\">下饭菜</a> &nbsp;火候是关键喔\n      </div>',1,2,1,'http://i5.chuimg.com/80b2fbf6d6c547dca21b61fe1c875f48_1080w_810h.jpg',0),(79,'土豆的新吃法！简单美味，给肉都不换！','<div class=\"desc mt30\" itemprop=\"description\">\n        嗨！大家好！我是阿之，今天为大家分享一道土豆特别好吃的做法，土豆这样做给肉都不换的哦。下面一起来学习学习吧！\n      </div>',1,2,1,'http://i1.chuimg.com/c4c77e3d9c594683928fd6460d70281d_371w_503h.jpg',0),(81,'土豆的新吃法！简单美味，给肉都不换！','<div class=\"desc mt30\" itemprop=\"description\">\n        嗨！大家好！我是阿之，今天为大家分享一道土豆特别好吃的做法，土豆这样做给肉都不换的哦。下面一起来学习学习吧！\n      </div>',1,2,1,'http://i1.chuimg.com/c4c77e3d9c594683928fd6460d70281d_371w_503h.jpg',0),(85,'椒盐杏鲍菇','<div class=\"desc mt30\" itemprop=\"description\">\n        天天研究着吃！今天研究了一个新品❤️\n      </div>',1,2,1,'http://i5.chuimg.com/8b7f81ddd09c46648c23cc649a2fb269_2160w_2880h.jpg',0),(87,'肉末茄子','<div class=\"desc mt30\" itemprop=\"description\">\n        说到茄子，这是一种不管什么烧法，都好吃得不得了的食材。这次要介绍的，是好吃下饭到吃了两碗还舔碗的肉末茄子。这道菜的亮点在于肥而不腻、酱香浓厚、微辣鲜甜。茄子的质地厚实、绵软细腻但却不缺乏海绵般饱满的口感，有点大肥肉的意思，但入味的茄子真是比肉还好吃，充分的吸收肉末的鲜香荤油的味道，让整道菜不会过分的油腻。夹起一块浸泡在鲜美酱汁里的软烂的茄子，上面还些许香味十足的五花肉末，连着一口粘到酱汁的被油汁浸透米饭吞下，大脑已经一片空白只记得狼吞虎咽。而且这道菜的做法也是非常的简单，不管家里有几个人，焖上一锅肉末茄子总是不会出错的。\n      </div>',1,2,1,'http://i5.chuimg.com/327e292e389f4de7a0ab0ff99797f650_751w_600h.jpg',0),(88,'手撕包菜（米饭杀手系列二）','<div class=\"desc mt30\" itemprop=\"description\">\n        人人都爱吃的<a href=\"/category/40078/\">下饭菜</a> &nbsp;火候是关键喔\n      </div>',1,2,1,'http://i5.chuimg.com/80b2fbf6d6c547dca21b61fe1c875f48_1080w_810h.jpg',0),(91,'㊙️香菇土豆肉沫拌饭❗️比外卖还好吃','<div class=\"desc mt30\" itemprop=\"description\">\n        ?今天分享的这份香菇土豆肉沫饭，真的太好吃了，做法简单，有肉有菜有饭，大人宝宝都爱吃哈～\n      </div>',1,2,1,'http://i5.chuimg.com/159a930a837e44ad9def1a9ea93e04e9_4033w_3024h.jpg',0),(92,'鲜美豆腐汤的简单做法','<div class=\"desc mt30\" itemprop=\"description\">\n        上次做了豆腐汤，里面加了干贝和虾仁，所以味道很鲜美，有朋友说家里没有干贝和虾仁怎么办，其实即便没有也可以做出很鲜美的豆腐汤哦，非常简单的食材，随时都可以做，低脂高蛋白又营养! &nbsp;这道菜我和儿子都很喜欢，<a href=\"/category/30048/\">减肥</a>的我晚上也喝了几碗?\n      </div>',1,2,1,'http://i1.chuimg.com/0fe716f0123d4e5db485ec3044f4589f_912w_684h.jpg',0),(94,'无敌好吃的香煎豆腐','<div class=\"desc mt30\" itemprop=\"description\">\n        这真的是我吃过最好吃的豆腐做法啦。小伙伴们赶紧试试吧，真的好吃哦。\n      </div>',1,2,1,'http://i1.chuimg.com/3f80ae8c64ec4166911ed15a10116d44_1124w_1500h.jpg',0),(96,'零失败镜面蒸蛋羹（新手必备菜）','<div class=\"desc mt30\" itemprop=\"description\">\n        我家祖传蒸蛋羹，像<a href=\"/category/20163/\">布丁</a>一样?。（最后面有量小版本）\n      </div>',1,2,1,'http://i1.chuimg.com/c731fb62cfa947edacff495fdb311829_2999w_3998h.jpg',0),(98,'酱汁杏鲍菇❗比肉还好吃','<div class=\"desc mt30\" itemprop=\"description\">\n        杏鲍菇这样做，真的比肉还好吃，关键还低脂低卡，好吃不胖，超级简单易做，分分钟搞定，喜欢的赶快试试吧～\n      </div>',1,2,1,'http://i5.chuimg.com/055c62a4b1144f4c88b420250a100b2b_1500w_1124h.jpg',0),(99,'黑椒洋葱牛肉','试试吧',1,2,1,'http://i5.chuimg.com/e3949a45cd904c5aa279af4375556ad5_912w_684h.jpg',0),(100,'家庭版的手撕鸡','<div class=\"desc mt30\" itemprop=\"description\">\n        最常见的<a href=\"/category/40076/\">家常菜</a> 做法简单易懂，菜谱中很多材料都是适量，每个人口味轻重不同 根据自己喜好加多加少❤️\n      </div>',1,2,1,'http://i5.chuimg.com/3fb9bcaa3f574226bd0298c9def6308d_1124w_899h.jpg',0),(101,'黑椒洋葱牛肉','试试吧',1,2,1,'http://i5.chuimg.com/e3949a45cd904c5aa279af4375556ad5_912w_684h.jpg',0),(102,'椒盐杏鲍菇','<div class=\"desc mt30\" itemprop=\"description\">\n        天天研究着吃！今天研究了一个新品❤️\n      </div>',1,2,1,'http://i5.chuimg.com/8b7f81ddd09c46648c23cc649a2fb269_2160w_2880h.jpg',0),(103,'零失败镜面蒸蛋羹（新手必备菜）','<div class=\"desc mt30\" itemprop=\"description\">\n        我家祖传蒸蛋羹，像<a href=\"/category/20163/\">布丁</a>一样?。（最后面有量小版本）\n      </div>',1,2,1,'http://i1.chuimg.com/c731fb62cfa947edacff495fdb311829_2999w_3998h.jpg',0),(104,'手撕包菜（米饭杀手系列二）','<div class=\"desc mt30\" itemprop=\"description\">\n        人人都爱吃的<a href=\"/category/40078/\">下饭菜</a> &nbsp;火候是关键喔\n      </div>',1,2,1,'http://i5.chuimg.com/80b2fbf6d6c547dca21b61fe1c875f48_1080w_810h.jpg',0),(109,'土豆的新吃法！简单美味，给肉都不换！','<div class=\"desc mt30\" itemprop=\"description\">\n        嗨！大家好！我是阿之，今天为大家分享一道土豆特别好吃的做法，土豆这样做给肉都不换的哦。下面一起来学习学习吧！\n      </div>',1,2,1,'http://i1.chuimg.com/c4c77e3d9c594683928fd6460d70281d_371w_503h.jpg',0),(111,'家庭版的手撕鸡','<div class=\"desc mt30\" itemprop=\"description\">\n        最常见的<a href=\"/category/40076/\">家常菜</a> 做法简单易懂，菜谱中很多材料都是适量，每个人口味轻重不同 根据自己喜好加多加少❤️\n      </div>',1,2,1,'http://i5.chuimg.com/3fb9bcaa3f574226bd0298c9def6308d_1124w_899h.jpg',0),(112,'酱汁杏鲍菇❗比肉还好吃','<div class=\"desc mt30\" itemprop=\"description\">\n        杏鲍菇这样做，真的比肉还好吃，关键还低脂低卡，好吃不胖，超级简单易做，分分钟搞定，喜欢的赶快试试吧～\n      </div>',1,2,1,'http://i5.chuimg.com/055c62a4b1144f4c88b420250a100b2b_1500w_1124h.jpg',0),(114,'鲜美豆腐汤的简单做法','<div class=\"desc mt30\" itemprop=\"description\">\n        上次做了豆腐汤，里面加了干贝和虾仁，所以味道很鲜美，有朋友说家里没有干贝和虾仁怎么办，其实即便没有也可以做出很鲜美的豆腐汤哦，非常简单的食材，随时都可以做，低脂高蛋白又营养! &nbsp;这道菜我和儿子都很喜欢，<a href=\"/category/30048/\">减肥</a>的我晚上也喝了几碗?\n      </div>',1,2,1,'http://i1.chuimg.com/0fe716f0123d4e5db485ec3044f4589f_912w_684h.jpg',0),(115,'㊙️香菇土豆肉沫拌饭❗️比外卖还好吃','<div class=\"desc mt30\" itemprop=\"description\">\n        ?今天分享的这份香菇土豆肉沫饭，真的太好吃了，做法简单，有肉有菜有饭，大人宝宝都爱吃哈～\n      </div>',1,2,1,'http://i5.chuimg.com/159a930a837e44ad9def1a9ea93e04e9_4033w_3024h.jpg',0),(117,'肉末茄子','<div class=\"desc mt30\" itemprop=\"description\">\n        说到茄子，这是一种不管什么烧法，都好吃得不得了的食材。这次要介绍的，是好吃下饭到吃了两碗还舔碗的肉末茄子。这道菜的亮点在于肥而不腻、酱香浓厚、微辣鲜甜。茄子的质地厚实、绵软细腻但却不缺乏海绵般饱满的口感，有点大肥肉的意思，但入味的茄子真是比肉还好吃，充分的吸收肉末的鲜香荤油的味道，让整道菜不会过分的油腻。夹起一块浸泡在鲜美酱汁里的软烂的茄子，上面还些许香味十足的五花肉末，连着一口粘到酱汁的被油汁浸透米饭吞下，大脑已经一片空白只记得狼吞虎咽。而且这道菜的做法也是非常的简单，不管家里有几个人，焖上一锅肉末茄子总是不会出错的。\n      </div>',1,2,1,'http://i5.chuimg.com/327e292e389f4de7a0ab0ff99797f650_751w_600h.jpg',0),(142,'酱汁杏鲍菇❗比肉还好吃','<div class=\"desc mt30\" itemprop=\"description\">\n        杏鲍菇这样做，真的比肉还好吃，关键还低脂低卡，好吃不胖，超级简单易做，分分钟搞定，喜欢的赶快试试吧～\n      </div>',1,2,1,'http://i5.chuimg.com/055c62a4b1144f4c88b420250a100b2b_1500w_1124h.jpg',0),(143,'土豆的新吃法！简单美味，给肉都不换！','<div class=\"desc mt30\" itemprop=\"description\">\n        嗨！大家好！我是阿之，今天为大家分享一道土豆特别好吃的做法，土豆这样做给肉都不换的哦。下面一起来学习学习吧！\n      </div>',1,2,1,'http://i1.chuimg.com/c4c77e3d9c594683928fd6460d70281d_371w_503h.jpg',0),(144,'无敌好吃的香煎豆腐','<div class=\"desc mt30\" itemprop=\"description\">\n        这真的是我吃过最好吃的豆腐做法啦。小伙伴们赶紧试试吧，真的好吃哦。\n      </div>',1,2,1,'http://i1.chuimg.com/3f80ae8c64ec4166911ed15a10116d44_1124w_1500h.jpg',0),(145,'㊙️香菇土豆肉沫拌饭❗️比外卖还好吃','<div class=\"desc mt30\" itemprop=\"description\">\n        ?今天分享的这份香菇土豆肉沫饭，真的太好吃了，做法简单，有肉有菜有饭，大人宝宝都爱吃哈～\n      </div>',1,2,1,'http://i5.chuimg.com/159a930a837e44ad9def1a9ea93e04e9_4033w_3024h.jpg',0),(147,'家庭版的手撕鸡','<div class=\"desc mt30\" itemprop=\"description\">\n        最常见的<a href=\"/category/40076/\">家常菜</a> 做法简单易懂，菜谱中很多材料都是适量，每个人口味轻重不同 根据自己喜好加多加少❤️\n      </div>',1,2,1,'http://i5.chuimg.com/3fb9bcaa3f574226bd0298c9def6308d_1124w_899h.jpg',0),(148,'黑椒洋葱牛肉','试试吧',1,2,1,'http://i5.chuimg.com/e3949a45cd904c5aa279af4375556ad5_912w_684h.jpg',0),(152,'酱汁杏鲍菇❗比肉还好吃','<div class=\"desc mt30\" itemprop=\"description\">\n        杏鲍菇这样做，真的比肉还好吃，关键还低脂低卡，好吃不胖，超级简单易做，分分钟搞定，喜欢的赶快试试吧～\n      </div>',1,2,1,'http://i5.chuimg.com/055c62a4b1144f4c88b420250a100b2b_1500w_1124h.jpg',0),(155,'家庭版的手撕鸡','<div class=\"desc mt30\" itemprop=\"description\">\n        最常见的<a href=\"/category/40076/\">家常菜</a> 做法简单易懂，菜谱中很多材料都是适量，每个人口味轻重不同 根据自己喜好加多加少❤️\n      </div>',1,2,1,'http://i5.chuimg.com/3fb9bcaa3f574226bd0298c9def6308d_1124w_899h.jpg',0),(156,'香到嗷嗷叫｜宇宙超级无敌香锅鸡翅虾','<div class=\"desc mt30\" itemprop=\"description\">\n        北冥有虾，一锅炖不下。\n      </div>',1,2,1,'http://i1.chuimg.com/5404e1fa54004f5386dee352688f8498_1280w_1023h.jpg',0),(157,'无敌好吃的香煎豆腐','<div class=\"desc mt30\" itemprop=\"description\">\n        这真的是我吃过最好吃的豆腐做法啦。小伙伴们赶紧试试吧，真的好吃哦。\n      </div>',1,2,1,'http://i1.chuimg.com/3f80ae8c64ec4166911ed15a10116d44_1124w_1500h.jpg',0),(158,'肉末茄子','<div class=\"desc mt30\" itemprop=\"description\">\n        说到茄子，这是一种不管什么烧法，都好吃得不得了的食材。这次要介绍的，是好吃下饭到吃了两碗还舔碗的肉末茄子。这道菜的亮点在于肥而不腻、酱香浓厚、微辣鲜甜。茄子的质地厚实、绵软细腻但却不缺乏海绵般饱满的口感，有点大肥肉的意思，但入味的茄子真是比肉还好吃，充分的吸收肉末的鲜香荤油的味道，让整道菜不会过分的油腻。夹起一块浸泡在鲜美酱汁里的软烂的茄子，上面还些许香味十足的五花肉末，连着一口粘到酱汁的被油汁浸透米饭吞下，大脑已经一片空白只记得狼吞虎咽。而且这道菜的做法也是非常的简单，不管家里有几个人，焖上一锅肉末茄子总是不会出错的。\n      </div>',1,2,1,'http://i5.chuimg.com/327e292e389f4de7a0ab0ff99797f650_751w_600h.jpg',1),(162,'零失败镜面蒸蛋羹（新手必备菜）','<div class=\"desc mt30\" itemprop=\"description\">\n        我家祖传蒸蛋羹，像<a href=\"/category/20163/\">布丁</a>一样?。（最后面有量小版本）\n      </div>',1,2,1,'http://i1.chuimg.com/c731fb62cfa947edacff495fdb311829_2999w_3998h.jpg',0),(163,'椒盐杏鲍菇','<div class=\"desc mt30\" itemprop=\"description\">\n        天天研究着吃！今天研究了一个新品❤️\n      </div>',1,2,1,'http://i5.chuimg.com/8b7f81ddd09c46648c23cc649a2fb269_2160w_2880h.jpg',0),(164,'鲜美豆腐汤的简单做法','<div class=\"desc mt30\" itemprop=\"description\">\n        上次做了豆腐汤，里面加了干贝和虾仁，所以味道很鲜美，有朋友说家里没有干贝和虾仁怎么办，其实即便没有也可以做出很鲜美的豆腐汤哦，非常简单的食材，随时都可以做，低脂高蛋白又营养! &nbsp;这道菜我和儿子都很喜欢，<a href=\"/category/30048/\">减肥</a>的我晚上也喝了几碗?\n      </div>',1,2,1,'http://i1.chuimg.com/0fe716f0123d4e5db485ec3044f4589f_912w_684h.jpg',0),(166,'家庭版的手撕鸡','<div class=\"desc mt30\" itemprop=\"description\">\n        最常见的<a href=\"/category/40076/\">家常菜</a> 做法简单易懂，菜谱中很多材料都是适量，每个人口味轻重不同 根据自己喜好加多加少❤️\n      </div>',1,2,1,'http://i5.chuimg.com/3fb9bcaa3f574226bd0298c9def6308d_1124w_899h.jpg',0),(168,'手撕包菜（米饭杀手系列二）','<div class=\"desc mt30\" itemprop=\"description\">\n        人人都爱吃的<a href=\"/category/40078/\">下饭菜</a> &nbsp;火候是关键喔\n      </div>',1,2,1,'http://i5.chuimg.com/80b2fbf6d6c547dca21b61fe1c875f48_1080w_810h.jpg',0),(170,'牛肉的腌制方法 好吃还嫩','<div class=\"desc mt30\" itemprop=\"description\">\n        将牛肉抓好腌制一会 这样会比较嫩 （炒菜、做汤、口感都超好）<br><br><br>我发这个菜谱是为了方便大家 &nbsp;<br>但还有些人说些有的没的 &nbsp;很倒胃口 之所以把标题改成这样是因为评论里说什么的都有 搞的乌烟瘴气的 下厨房是一个大家一起学习的地方 不是给某些人表演的地方 &nbsp;原本是一片好心发布菜谱 却招来了一群杠精 喜欢你就学 不喜欢就滑过 多简单 没必要发些留言人身攻击 就像有的人喜欢吃辣的 有的人喜欢吃酸的 有的人喜欢吃牛肉的嚼劲 有的人喜欢软嫩滑的口感 &nbsp;口味不同 不喜欢请滑过 我每个菜谱都是用心去写的 请珍惜别人的劳动成果\n      </div>',1,2,1,'http://i5.chuimg.com/3fe6e74151a04682881439726ad48585_1168w_935h.jpg',0),(171,'零失败镜面蒸蛋羹（新手必备菜）','<div class=\"desc mt30\" itemprop=\"description\">\n        我家祖传蒸蛋羹，像<a href=\"/category/20163/\">布丁</a>一样?。（最后面有量小版本）\n      </div>',1,2,1,'http://i1.chuimg.com/c731fb62cfa947edacff495fdb311829_2999w_3998h.jpg',0),(172,'香到嗷嗷叫｜宇宙超级无敌香锅鸡翅虾','<div class=\"desc mt30\" itemprop=\"description\">\n        北冥有虾，一锅炖不下。\n      </div>',1,2,1,'http://i1.chuimg.com/5404e1fa54004f5386dee352688f8498_1280w_1023h.jpg',2),(176,'㊙️香菇土豆肉沫拌饭❗️比外卖还好吃','<div class=\"desc mt30\" itemprop=\"description\">\n        ?今天分享的这份香菇土豆肉沫饭，真的太好吃了，做法简单，有肉有菜有饭，大人宝宝都爱吃哈～\n      </div>',1,2,1,'recipes/159a930a837e44ad9def1a9ea93e04e9_4033w_3024h.jpg',0),(177,'黑椒洋葱牛肉','试试吧',1,2,1,'recipes/e3949a45cd904c5aa279af4375556ad5_912w_684h.jpg',0),(178,'酱汁杏鲍菇❗比肉还好吃','<div class=\"desc mt30\" itemprop=\"description\">\n        杏鲍菇这样做，真的比肉还好吃，关键还低脂低卡，好吃不胖，超级简单易做，分分钟搞定，喜欢的赶快试试吧～\n      </div>',1,2,1,'recipes/055c62a4b1144f4c88b420250a100b2b_1500w_1124h.jpg',0),(180,'土豆的新吃法！简单美味，给肉都不换！','<div class=\"desc mt30\" itemprop=\"description\">\n        嗨！大家好！我是阿之，今天为大家分享一道土豆特别好吃的做法，土豆这样做给肉都不换的哦。下面一起来学习学习吧！\n      </div>',1,2,1,'recipes/c4c77e3d9c594683928fd6460d70281d_371w_503h.jpg',0),(183,'家庭版的手撕鸡','<div class=\"desc mt30\" itemprop=\"description\">\n        最常见的<a href=\"/category/40076/\">家常菜</a> 做法简单易懂，菜谱中很多材料都是适量，每个人口味轻重不同 根据自己喜好加多加少❤️\n      </div>',1,2,1,'recipes/3fb9bcaa3f574226bd0298c9def6308d_1124w_899h.jpg',0),(185,'肉末茄子','<div class=\"desc mt30\" itemprop=\"description\">\n        说到茄子，这是一种不管什么烧法，都好吃得不得了的食材。这次要介绍的，是好吃下饭到吃了两碗还舔碗的肉末茄子。这道菜的亮点在于肥而不腻、酱香浓厚、微辣鲜甜。茄子的质地厚实、绵软细腻但却不缺乏海绵般饱满的口感，有点大肥肉的意思，但入味的茄子真是比肉还好吃，充分的吸收肉末的鲜香荤油的味道，让整道菜不会过分的油腻。夹起一块浸泡在鲜美酱汁里的软烂的茄子，上面还些许香味十足的五花肉末，连着一口粘到酱汁的被油汁浸透米饭吞下，大脑已经一片空白只记得狼吞虎咽。而且这道菜的做法也是非常的简单，不管家里有几个人，焖上一锅肉末茄子总是不会出错的。\n      </div>',1,2,1,'recipes/327e292e389f4de7a0ab0ff99797f650_751w_600h.jpg',0),(187,'零失败镜面蒸蛋羹（新手必备菜）','<div class=\"desc mt30\" itemprop=\"description\">\n        我家祖传蒸蛋羹，像<a href=\"/category/20163/\">布丁</a>一样?。（最后面有量小版本）\n      </div>',1,2,1,'recipes/c731fb62cfa947edacff495fdb311829_2999w_3998h.jpg',0),(188,'手撕包菜（米饭杀手系列二）','<div class=\"desc mt30\" itemprop=\"description\">\n        人人都爱吃的<a href=\"/category/40078/\">下饭菜</a> &nbsp;火候是关键喔\n      </div>',1,2,1,'recipes/80b2fbf6d6c547dca21b61fe1c875f48_1080w_810h.jpg',1),(190,'无敌好吃的香煎豆腐','<div class=\"desc mt30\" itemprop=\"description\">\n        这真的是我吃过最好吃的豆腐做法啦。小伙伴们赶紧试试吧，真的好吃哦。\n      </div>',1,2,1,'recipes/3f80ae8c64ec4166911ed15a10116d44_1124w_1500h.jpg',0),(191,'鲜美豆腐汤的简单做法','<div class=\"desc mt30\" itemprop=\"description\">\n        上次做了豆腐汤，里面加了干贝和虾仁，所以味道很鲜美，有朋友说家里没有干贝和虾仁怎么办，其实即便没有也可以做出很鲜美的豆腐汤哦，非常简单的食材，随时都可以做，低脂高蛋白又营养! &nbsp;这道菜我和儿子都很喜欢，<a href=\"/category/30048/\">减肥</a>的我晚上也喝了几碗?\n      </div>',1,2,1,'recipes/0fe716f0123d4e5db485ec3044f4589f_912w_684h.jpg',0),(193,'香到嗷嗷叫｜宇宙超级无敌香锅鸡翅虾','<div class=\"desc mt30\" itemprop=\"description\">\n        北冥有虾，一锅炖不下。\n      </div>',1,2,1,'recipes/5404e1fa54004f5386dee352688f8498_1280w_1023h.jpg',1),(196,'酱炒杏鲍菇','试试吧',1,2,1,'recipes/bb33356716c542ed8524cd9f79477121_750w_1000h.jpg',0),(200,'无敌好吃的香煎豆腐','<div class=\"desc mt30\" itemprop=\"description\">\n        这真的是我吃过最好吃的豆腐做法啦。小伙伴们赶紧试试吧，真的好吃哦。\n      </div>',1,2,1,'recipes/3f80ae8c64ec4166911ed15a10116d44_1124w_1500h.jpg',0),(202,'手撕包菜（米饭杀手系列二）','<div class=\"desc mt30\" itemprop=\"description\">\n        人人都爱吃的<a href=\"/category/40078/\">下饭菜</a> &nbsp;火候是关键喔\n      </div>',1,2,1,'recipes/80b2fbf6d6c547dca21b61fe1c875f48_1080w_810h.jpg',0),(203,'香到嗷嗷叫｜宇宙超级无敌香锅鸡翅虾','<div class=\"desc mt30\" itemprop=\"description\">\n        北冥有虾，一锅炖不下。\n      </div>',1,2,1,'recipes/5404e1fa54004f5386dee352688f8498_1280w_1023h.jpg',0),(205,'家庭版的手撕鸡','<div class=\"desc mt30\" itemprop=\"description\">\n        最常见的<a href=\"/category/40076/\">家常菜</a> 做法简单易懂，菜谱中很多材料都是适量，每个人口味轻重不同 根据自己喜好加多加少❤️\n      </div>',1,2,1,'recipes/3fb9bcaa3f574226bd0298c9def6308d_1124w_899h.jpg',0),(206,'㊙️香菇土豆肉沫拌饭❗️比外卖还好吃','<div class=\"desc mt30\" itemprop=\"description\">\n        ?今天分享的这份香菇土豆肉沫饭，真的太好吃了，做法简单，有肉有菜有饭，大人宝宝都爱吃哈～\n      </div>',1,2,1,'recipes/159a930a837e44ad9def1a9ea93e04e9_4033w_3024h.jpg',0),(209,'酱汁杏鲍菇❗比肉还好吃','<div class=\"desc mt30\" itemprop=\"description\">\n        杏鲍菇这样做，真的比肉还好吃，关键还低脂低卡，好吃不胖，超级简单易做，分分钟搞定，喜欢的赶快试试吧～\n      </div>',1,2,1,'recipes/055c62a4b1144f4c88b420250a100b2b_1500w_1124h.jpg',0),(211,'肉末茄子','<div class=\"desc mt30\" itemprop=\"description\">\n        说到茄子，这是一种不管什么烧法，都好吃得不得了的食材。这次要介绍的，是好吃下饭到吃了两碗还舔碗的肉末茄子。这道菜的亮点在于肥而不腻、酱香浓厚、微辣鲜甜。茄子的质地厚实、绵软细腻但却不缺乏海绵般饱满的口感，有点大肥肉的意思，但入味的茄子真是比肉还好吃，充分的吸收肉末的鲜香荤油的味道，让整道菜不会过分的油腻。夹起一块浸泡在鲜美酱汁里的软烂的茄子，上面还些许香味十足的五花肉末，连着一口粘到酱汁的被油汁浸透米饭吞下，大脑已经一片空白只记得狼吞虎咽。而且这道菜的做法也是非常的简单，不管家里有几个人，焖上一锅肉末茄子总是不会出错的。\n      </div>',1,2,1,'recipes/327e292e389f4de7a0ab0ff99797f650_751w_600h.jpg',0),(213,'鲜美豆腐汤的简单做法','<div class=\"desc mt30\" itemprop=\"description\">\n        上次做了豆腐汤，里面加了干贝和虾仁，所以味道很鲜美，有朋友说家里没有干贝和虾仁怎么办，其实即便没有也可以做出很鲜美的豆腐汤哦，非常简单的食材，随时都可以做，低脂高蛋白又营养! &nbsp;这道菜我和儿子都很喜欢，<a href=\"/category/30048/\">减肥</a>的我晚上也喝了几碗?\n      </div>',1,2,1,'recipes/0fe716f0123d4e5db485ec3044f4589f_912w_684h.jpg',0),(214,'牛肉的腌制方法 好吃还嫩','<div class=\"desc mt30\" itemprop=\"description\">\n        将牛肉抓好腌制一会 这样会比较嫩 （炒菜、做汤、口感都超好）<br><br><br>我发这个菜谱是为了方便大家 &nbsp;<br>但还有些人说些有的没的 &nbsp;很倒胃口 之所以把标题改成这样是因为评论里说什么的都有 搞的乌烟瘴气的 下厨房是一个大家一起学习的地方 不是给某些人表演的地方 &nbsp;原本是一片好心发布菜谱 却招来了一群杠精 喜欢你就学 不喜欢就滑过 多简单 没必要发些留言人身攻击 就像有的人喜欢吃辣的 有的人喜欢吃酸的 有的人喜欢吃牛肉的嚼劲 有的人喜欢软嫩滑的口感 &nbsp;口味不同 不喜欢请滑过 我每个菜谱都是用心去写的 请珍惜别人的劳动成果\n      </div>',1,2,1,'recipes/3fe6e74151a04682881439726ad48585_1168w_935h.jpg',0),(215,'土豆的新吃法！简单美味，给肉都不换！','<div class=\"desc mt30\" itemprop=\"description\">\n        嗨！大家好！我是阿之，今天为大家分享一道土豆特别好吃的做法，土豆这样做给肉都不换的哦。下面一起来学习学习吧！\n      </div>',1,2,1,'recipes/c4c77e3d9c594683928fd6460d70281d_371w_503h.jpg',0),(216,'酱汁杏鲍菇❗比肉还好吃','<div class=\"desc mt30\" itemprop=\"description\">\n        杏鲍菇这样做，真的比肉还好吃，关键还低脂低卡，好吃不胖，超级简单易做，分分钟搞定，喜欢的赶快试试吧～\n      </div>',1,2,1,'recipes/055c62a4b1144f4c88b420250a100b2b_1500w_1124h.jpg',0),(218,'土豆的新吃法！简单美味，给肉都不换！','<div class=\"desc mt30\" itemprop=\"description\">\n        嗨！大家好！我是阿之，今天为大家分享一道土豆特别好吃的做法，土豆这样做给肉都不换的哦。下面一起来学习学习吧！\n      </div>',1,2,1,'recipes/c4c77e3d9c594683928fd6460d70281d_371w_503h.jpg',0),(221,'家庭版的手撕鸡','<div class=\"desc mt30\" itemprop=\"description\">\n        最常见的<a href=\"/category/40076/\">家常菜</a> 做法简单易懂，菜谱中很多材料都是适量，每个人口味轻重不同 根据自己喜好加多加少❤️\n      </div>',1,2,1,'recipes/3fb9bcaa3f574226bd0298c9def6308d_1124w_899h.jpg',0),(223,'牛肉的腌制方法 好吃还嫩','<div class=\"desc mt30\" itemprop=\"description\">\n        将牛肉抓好腌制一会 这样会比较嫩 （炒菜、做汤、口感都超好）<br><br><br>我发这个菜谱是为了方便大家 &nbsp;<br>但还有些人说些有的没的 &nbsp;很倒胃口 之所以把标题改成这样是因为评论里说什么的都有 搞的乌烟瘴气的 下厨房是一个大家一起学习的地方 不是给某些人表演的地方 &nbsp;原本是一片好心发布菜谱 却招来了一群杠精 喜欢你就学 不喜欢就滑过 多简单 没必要发些留言人身攻击 就像有的人喜欢吃辣的 有的人喜欢吃酸的 有的人喜欢吃牛肉的嚼劲 有的人喜欢软嫩滑的口感 &nbsp;口味不同 不喜欢请滑过 我每个菜谱都是用心去写的 请珍惜别人的劳动成果\n      </div>',1,2,1,'recipes/3fe6e74151a04682881439726ad48585_1168w_935h.jpg',0),(224,'肉末茄子','<div class=\"desc mt30\" itemprop=\"description\">\n        说到茄子，这是一种不管什么烧法，都好吃得不得了的食材。这次要介绍的，是好吃下饭到吃了两碗还舔碗的肉末茄子。这道菜的亮点在于肥而不腻、酱香浓厚、微辣鲜甜。茄子的质地厚实、绵软细腻但却不缺乏海绵般饱满的口感，有点大肥肉的意思，但入味的茄子真是比肉还好吃，充分的吸收肉末的鲜香荤油的味道，让整道菜不会过分的油腻。夹起一块浸泡在鲜美酱汁里的软烂的茄子，上面还些许香味十足的五花肉末，连着一口粘到酱汁的被油汁浸透米饭吞下，大脑已经一片空白只记得狼吞虎咽。而且这道菜的做法也是非常的简单，不管家里有几个人，焖上一锅肉末茄子总是不会出错的。\n      </div>',1,2,1,'recipes/327e292e389f4de7a0ab0ff99797f650_751w_600h.jpg',0),(225,'无敌好吃的香煎豆腐','<div class=\"desc mt30\" itemprop=\"description\">\n        这真的是我吃过最好吃的豆腐做法啦。小伙伴们赶紧试试吧，真的好吃哦。\n      </div>',1,2,1,'recipes/3f80ae8c64ec4166911ed15a10116d44_1124w_1500h.jpg',0),(226,'㊙️香菇土豆肉沫拌饭❗️比外卖还好吃','<div class=\"desc mt30\" itemprop=\"description\">\n        ?今天分享的这份香菇土豆肉沫饭，真的太好吃了，做法简单，有肉有菜有饭，大人宝宝都爱吃哈～\n      </div>',1,2,1,'recipes/159a930a837e44ad9def1a9ea93e04e9_4033w_3024h.jpg',0),(227,'鲜美豆腐汤的简单做法','<div class=\"desc mt30\" itemprop=\"description\">\n        上次做了豆腐汤，里面加了干贝和虾仁，所以味道很鲜美，有朋友说家里没有干贝和虾仁怎么办，其实即便没有也可以做出很鲜美的豆腐汤哦，非常简单的食材，随时都可以做，低脂高蛋白又营养! &nbsp;这道菜我和儿子都很喜欢，<a href=\"/category/30048/\">减肥</a>的我晚上也喝了几碗?\n      </div>',1,2,1,'recipes/0fe716f0123d4e5db485ec3044f4589f_912w_684h.jpg',0),(230,'手撕包菜（米饭杀手系列二）','<div class=\"desc mt30\" itemprop=\"description\">\n        人人都爱吃的<a href=\"/category/40078/\">下饭菜</a> &nbsp;火候是关键喔\n      </div>',1,2,1,'recipes/80b2fbf6d6c547dca21b61fe1c875f48_1080w_810h.jpg',1),(232,'香到嗷嗷叫｜宇宙超级无敌香锅鸡翅虾','<div class=\"desc mt30\" itemprop=\"description\">\n        北冥有虾，一锅炖不下。\n      </div>',1,2,1,'recipes/5404e1fa54004f5386dee352688f8498_1280w_1023h.jpg',1),(233,'酱炒杏鲍菇','试试吧',1,2,1,'recipes/bb33356716c542ed8524cd9f79477121_750w_1000h.jpg',1);
/*!40000 ALTER TABLE `recipe_recipe` ENABLE KEYS */;
UNLOCK TABLES;

--
-- Table structure for table `recipe_recipestep`
--

DROP TABLE IF EXISTS `recipe_recipestep`;
/*!40101 SET @saved_cs_client     = @@character_set_client */;
/*!50503 SET character_set_client = utf8mb4 */;
CREATE TABLE `recipe_recipestep` (
  `id` int(11) NOT NULL AUTO_INCREMENT,
  `serialNum` varchar(16) NOT NULL,
  `serialDption` varchar(255) NOT NULL,
  `rcpId_id` int(11) NOT NULL,
  `stepImg` varchar(100) NOT NULL,
  PRIMARY KEY (`id`),
  KEY `recipe_recipestep_rcpId_id_b06a1417_fk_recipe_recipe_rcp_id` (`rcpId_id`),
  CONSTRAINT `recipe_recipestep_rcpId_id_b06a1417_fk_recipe_recipe_rcp_id` FOREIGN KEY (`rcpId_id`) REFERENCES `recipe_recipe` (`rcp_id`)
) ENGINE=InnoDB AUTO_INCREMENT=598 DEFAULT CHARSET=utf8;
/*!40101 SET character_set_client = @saved_cs_client */;

--
-- Dumping data for table `recipe_recipestep`
--

LOCK TABLES `recipe_recipestep` WRITE;
/*!40000 ALTER TABLE `recipe_recipestep` DISABLE KEYS */;
INSERT INTO `recipe_recipestep` VALUES (1,'1','鸡翅中浸泡20分钟去去血水，冲洗干净，沥干水分。',1,'recipes/1/蜜汁鸡翅/1.jpg'),(2,'2','给鸡翅划上2～3刀，便于入味。',1,'recipes/1/蜜汁鸡翅/2.jpg'),(3,'3','碗内加入蒜泥、料酒、酱油、蚝油、蜂蜜、盐、甜红椒粉、白胡椒粉。',1,'recipes/1/蜜汁鸡翅/3.jpg'),(4,'4','倒入热开水，搅拌均匀。',1,'recipes/1/蜜汁鸡翅/4.jpg'),(5,'5','把鸡翅里倒入混合好的酱料，搅拌均匀，盖上保鲜膜，放冰箱冷藏腌制一天。',1,'recipes/1/蜜汁鸡翅/5.jpg'),(6,'6','腌制好的鸡翅，用厨房纸吸干表面的水份，煎制时才能上色。开中火，不粘锅里倒入少许食用油，油热后放入鸡翅。',1,'recipes/1/蜜汁鸡翅/6.jpg'),(7,'7','把鸡翅两面煎至金黄色。',1,'recipes/1/蜜汁鸡翅/7.jpg'),(8,'8','加入与鸡翅齐平的开水，稍搅动均匀。',1,'recipes/1/蜜汁鸡翅/8.jpg'),(9,'9','盖上锅盖，中火焖炖15分钟。',1,'recipes/1/蜜汁鸡翅/9.jpg'),(10,'10','炖好后，开大火收汁，完全收干，让酱汁在鸡翅上挂住。',1,'recipes/1/蜜汁鸡翅/10.jpg'),(16,'1','材料准备好，鸡翅根洗净并沥干水分，葱姜调料等也洗净',3,'recipes/13/可乐鸡翅/1.jpg'),(17,'2','平底锅烧热倒油，下葱姜八角和桂皮等煸出香味后盛出，留底油，放入鸡翅根',3,'recipes/13/可乐鸡翅/2.jpg'),(18,'3','开中火将翅根的几面都煎至金黄，然后烹入料酒，去腥增香',3,'recipes/13/可乐鸡翅/3.jpg'),(19,'4','接着倒入可乐，不用加水，全部用可乐，可乐量与翅根齐平就可以了',3,'recipes/13/可乐鸡翅/4.jpg'),(20,'5','为上色好看，可再加小半勺老抽，然后加盖大火煮开后，转小火焖煮10分钟',3,'recipes/13/可乐鸡翅/5.jpg'),(21,'6','10分钟后开盖，视口感来补充少许的盐，开盖收汁',3,'recipes/13/可乐鸡翅/6.jpg'),(22,'7','收到汤汁变浓稠时，最后将余下的葱末倒入增加香味，炒匀即可出锅',3,'recipes/13/可乐鸡翅/7.jpg'),(23,'1','番茄切碎，鸡蛋打散，香葱切碎；',4,'recipes/13/番茄鸡蛋/1.jpg'),(24,'2','锅中倒入适量油，油热倒入鸡蛋液。快速翻拌，凝固，装盘出锅；',4,'recipes/13/番茄鸡蛋/2.jpg'),(25,'3','再次起锅倒入适量油，油热倒入番茄碎；炒至番茄丁出汁后倒入鸡蛋，翻拌均匀；',4,'recipes/13/番茄鸡蛋/3.jpg'),(26,'4','调入适量食盐，再锅边淋入半碗清水，煮至沸腾，翻拌均匀；撒上适量葱花，出锅；',4,'recipes/13/番茄鸡蛋/4.jpg'),(27,'1','豆腐划块',5,'recipes/12/香菇炖豆腐/1.jpg'),(28,'2','香菇切片',5,'recipes/12/香菇炖豆腐/2.jpg'),(29,'3','佐料烹油',5,'recipes/12/香菇炖豆腐/3.jpg'),(30,'4','倒入香菇翻炒，加盐',5,'recipes/12/香菇炖豆腐/4.jpg'),(31,'5','倒入豆腐块加生抽，老抽，推动豆腐使之上色',5,'recipes/12/香菇炖豆腐/5.jpg'),(32,'6','加没过豆腐的水，大火煮开，中火咕嘟至汤汁渐少，出锅撒葱花之类的点缀，没了葱花放的彩椒',5,'recipes/12/香菇炖豆腐/6.jpg'),(35,'1','木耳洗净泡水待用',7,'recipes/12/鱼香肉丝/1.jpg'),(36,'2','红萝卜去皮 青椒 仔姜 切丝  蒜切片',7,'recipes/12/鱼香肉丝/2.jpg'),(37,'3','加入木耳青椒丝翻炒均匀 听到木耳噼里啪啦爆开的声音再炒个20秒就差不多可以出锅装盘待用了',7,'recipes/12/鱼香肉丝/3.jpg'),(38,'4','下入肉丝翻炒至变白 八成熟就行了 出锅待用',7,'recipes/12/鱼香肉丝/4.jpg'),(39,'5','出锅，备用',7,'recipes/12/鱼香肉丝/5.jpg'),(40,'6','大火 加入蒜片跟郫县豆瓣酱翻炒',7,'recipes/12/鱼香肉丝/6.jpg'),(41,'7','倒入刚炒好的半成品跟仔姜丝 淋入少许料酒  翻炒几下加入步骤1调好的芡汁（用筷子搅拌下） 炒个1分钟左右就可以出锅了',7,'recipes/12/鱼香肉丝/7.jpg'),(42,'1','调一碗料汁：碗里加一勺蒜末，两勺生抽，一勺蚝油，半匙食盐，半匙白糖，半勺淀粉、三勺水混合备用。',8,'recipes/12/香煎豆腐/1.jpg'),(43,'2','准备食材：豆腐切块，鸡蛋一个，淀粉适量',8,'recipes/12/香煎豆腐/2.jpg'),(44,'3','豆腐先裹一层淀粉',8,'recipes/12/香煎豆腐/3.jpg'),(45,'4','再裹上一层鸡蛋液',8,'recipes/12/香煎豆腐/4.jpg'),(46,'5','把豆腐放入平底锅，煎至两面金黄',8,'recipes/12/香煎豆腐/5.jpg'),(47,'6','倒入调好的料汁，翻炒片刻',8,'recipes/12/香煎豆腐/6.jpg'),(48,'7','加入香菜葱段即可',8,'recipes/12/香煎豆腐/7.jpg'),(49,'1','提前2晚泡发花胶',9,'recipes/12/养颜补气汤/1.jpg'),(50,'2','备好所有食材，并将老鸡切块焯水\r\n放入所有图片食材（除了枸杞）\r\n入炖盅3小时',9,'recipes/12/养颜补气汤/2.jpg'),(51,'3','3小时后可以享用啦',9,'recipes/12/养颜补气汤/3.jpg'),(52,'1','猪蹄先用冷水加入料酒姜片煮开去腥捞出。胡萝卜甜玉米切块',10,'recipes/13/猪蹄鸡爪汤/1.jpg'),(53,'2','全都放进电饭煲加清水煲汤功能3个小时（砂锅高压锅都可以会更快）',10,'recipes/13/猪蹄鸡爪汤/2.jpg'),(54,'3','煮好之后根据口味加少许盐',10,'recipes/13/猪蹄鸡爪汤/3.jpg'),(55,'4','钢铁直男癌晚期男朋友喝了都无法自拔',10,'recipes/13/猪蹄鸡爪汤/4.jpg'),(56,'1','肉泥中加入2勺生抽、1勺盐、2勺淀粉，搅拌均匀',11,'recipes/11/肉泥豆腐蒸蛋/1.jpg'),(57,'2','嫩豆腐切小块，平铺在碗中',11,'recipes/11/肉泥豆腐蒸蛋/2.jpg'),(58,'3','鸡蛋打散过滤下，再加入1:1的清水搅拌均匀',11,'recipes/11/肉泥豆腐蒸蛋/3.jpg'),(59,'4','做好的鸡蛋液倒入碗中，没过豆腐，盖上保鲜膜，用牙签扎小孔',11,'recipes/11/肉泥豆腐蒸蛋/4.jpg'),(60,'5','大火蒸蛋液8-10分钟',11,'recipes/11/肉泥豆腐蒸蛋/5.jpg'),(61,'6','腌好的肉泥炒熟，铺在鸡蛋羹上，再淋上适量生抽、葱花，即可开吃',11,'recipes/11/肉泥豆腐蒸蛋/6.jpg'),(62,'1','将黄瓜清洗干净，然后用切丝工具将黄瓜切丝（也可切片或切块，个人喜欢切丝，因为比较入味，但是切丝的最好要尽快吃完，要不然放久了，黄瓜就不脆了）。蒜切碎备用。',12,'recipes/11/凉拌黄瓜/1.jpg'),(63,'2','将蒜末以及所有调料放入切好的黄瓜中，拌匀。（由于每个人口味不同，所以调料的用量没有仔细说明，调料用量大家可以根据自己的口味。）',12,'recipes/11/凉拌黄瓜/2.jpg'),(64,'3','完成，装盘。',12,'recipes/11/凉拌黄瓜/3.jpg'),(65,'1','用水将木耳泡开，然后放锅里加盐煮5分钟捞出',13,'recipes/13/凉拌木耳/1.jpg'),(66,'2','在碗里加入胡萝卜丝，盐，鸡精，葱花',13,'recipes/13/凉拌木耳/2.jpg'),(67,'3','锅里放油烧热，把辣椒末和蒜丝炒香',13,'recipes/13/凉拌木耳/3.jpg'),(68,'4','将炒香的配料以及热油倒入碗中，加入酱油香醋拌匀即可食用',13,'recipes/13/凉拌木耳/4.jpg'),(69,'1','田螺，金不换，山芫荽，洗净备用',14,'recipes/13/田螺鸡爪汤/1.jpg'),(70,'2','鸡爪切块洗净备用',14,'recipes/13/田螺鸡爪汤/2.jpg'),(71,'3','山芫荽切碎备用',14,'recipes/13/田螺鸡爪汤/3.jpg'),(72,'4','汤锅加水煮开，放入鸡爪，待煮开捞去表面泡沫，中火煮30分钟左右。时间久主要是要熬出鸡汤味，还有鸡爪炖烂',14,'recipes/13/田螺鸡爪汤/4.jpg'),(73,'5','加入田螺，继续煮开15分钟左右。',14,'recipes/13/田螺鸡爪汤/5.jpg'),(74,'6','加入山芫荽还有金不换以及盐，鸡精等调料，即可。',14,'recipes/13/田螺鸡爪汤/6.jpg'),(75,'1','菠萝处理干净，切丁放入碗中，加入细砂糖，放入冰箱过夜。',15,'recipes/11/简易版菠萝派/1.jpg'),(76,'2','将挞皮码放在烤盘里，加入腌好的菠萝丁。',15,'recipes/11/简易版菠萝派/2.jpg'),(77,'3','将挞皮对折合拢。',15,'recipes/11/简易版菠萝派/3.jpg'),(78,'4','送入事先预热好的烤箱中层，上下火200度，20-25分钟。',15,'recipes/11/简易版菠萝派/4.jpg'),(79,'5','出炉后趁热食用。',15,'recipes/11/简易版菠萝派/5.jpg'),(80,'1','分离蛋白和蛋黄 ，蛋黄+三分之二糖搅拌，然后加入牛奶搅拌，再加入盐和融化的黄油搅拌。加入剩下的糖打发蛋清 直到提起来呈小弯钩。',16,'recipes/11/松饼/1.jpg'),(81,'2','然后将2分之1的蛋白放入蛋黄盆中 翻拌均匀 ，翻拌均匀的面糊倒回剩下的2分之1的蛋白中继续翻拌。',16,'recipes/11/松饼/2.jpg'),(82,'3','用平底不粘锅 不用放油 用勺子捞一勺进去 表面开始有气孔了开始翻一面 就变成了这样',16,'recipes/11/松饼/3.jpg'),(83,'4','最后加点糖粉就美美美的吃吃吃',16,'recipes/11/松饼/4.jpg'),(84,'1','自发粉和牛奶和成团，发酵两倍大',17,'recipes/11/迷你鲜虾披萨/1.jpg'),(85,'2','切小份，擀薄，扎上小孔，烤盘刷油，放入烤盘发酵30-40分钟',17,'recipes/11/迷你鲜虾披萨/2.jpg'),(86,'3','面皮先烤15分钟，再取出刷番茄酱，放入虾，肉肠，撒上少许胡椒粉和盐',17,'recipes/11/迷你鲜虾披萨/3.jpg'),(87,'4','铺上马苏里拉芝士，190度烤15-18分钟，一次吃掉好几个，哈~哈~',17,'recipes/11/迷你鲜虾披萨/4.jpg'),(88,'1','用姜、蒜、叉烧酱、生抽、料酒把肉搅拌均匀腌制起 ',18,'recipes/12/广东蜜汁叉烧肉/1.jpg'),(89,'2','保鲜膜包起来放在冰箱里腌制9小时',18,'recipes/12/广东蜜汁叉烧肉/2.jpg'),(90,'3','把腌制好的肉一块块小心平铺在烤架上。注意：腌制肉的碗里剩下的酱料不要倒掉，留下有用',18,'recipes/12/广东蜜汁叉烧肉/3.jpg'),(91,'4','进烤箱180度20分钟，然后拿出来，把刚刚剩下的酱料刷上去，再放入烤箱继续烤15分钟。取出，在上面涂上蜂蜜稍微烤一下就好了',18,'recipes/12/广东蜜汁叉烧肉/4.jpg'),(92,'1','黄瓜切丝',19,'recipes/12/干拌面/1.jpg'),(93,'2','碗中加入生抽，陈醋，白砂糖，盐，花椒油，辣椒油，蒜末，葱末，搅拌均匀',19,'recipes/12/干拌面/2.jpg'),(94,'3','锅中放水，大火煮沸，放入挂面，转小火煮熟',19,'recipes/12/干拌面/3.jpg'),(95,'4','将面条倒入碗中，加入香油，搅拌均匀',19,'recipes/12/干拌面/4.jpg'),(96,'5','倒入调料，搅拌均匀，加入黄瓜丝 ',19,'recipes/12/干拌面/5.jpg'),(97,'1','包菜用手撕成大块 一片叶子一分为二最佳 放入水中待用  要用的时候再沥干水分',52,'http://i1.chuimg.com/561326a5928049c0877b90ed6e90f485_810w_1080h.jpg'),(98,'2','准备好蒜跟干辣椒 蒜不用切那么细 粗一点更好',52,'http://i5.chuimg.com/2cc0701ae8db4a239d83b70e94b87344_992w_744h.jpg'),(99,'3','碗里加入1勺生抽 2勺蒸鱼豉油  1勺蚝油 适量鸡精搅拌均匀',52,'http://i5.chuimg.com/78c45b61c6524f1384c2ea5bd03fef2f_1080w_810h.jpg'),(100,'4','起锅烧油 加入蒜粒干辣椒爆香（个人比较喜欢丢几颗麻椒增香）',52,'http://i5.chuimg.com/704ba40c73bd44998eec3ef42a31e121_810w_1080h.jpg'),(101,'5','将沥干水分的包菜放入锅中翻炒 全程大火 20秒钟后加入勾兑好的芡汁倒入锅中继续翻炒 大约1分钟不到就可以出锅了 千万别太久 不然就不脆了 （喜欢吃酸的可以适当加点醋）',52,'http://i5.chuimg.com/1e6f7e54011643c18ba479e2d2b584f9_810w_1080h.jpg'),(102,'6','出锅 色香味俱全～等着掌声吧～',52,'http://i5.chuimg.com/599637e4ca8149ec92b7906ef918b636_1080w_810h.jpg'),(103,'1','煮饭时淘好米后，加少点水用手轻搓一下米，倒出半大碗备用。',53,'http://i5.chuimg.com/4ab47e7133c04e0294b4e5595c13668b_3024w_4032h.jpg'),(104,'2','大碗里打入5个小的土鸡蛋（老家土鸡蛋很小，超市的鸡蛋4个就行），加入半勺盐，用筷子搅拌均匀，加入米饭碗满满1碗之前准备的淘米水轻轻拌匀。封好保鲜膜用牙签扎几个洞。',53,'http://i1.chuimg.com/d2d12af06beb465d99ea6074dbb3e362_480w_384h.jpg'),(105,'3','蒸锅加入水大火，水开后调成中火蒸15分钟，关火焖5分钟。这是成品。',53,'http://i5.chuimg.com/8ceafe07e467433d9912719456a71072_2999w_3998h.jpg'),(106,'4','想吃肉沫味的，先炒熟各种味的肉沫，关火的时候倒进去焖5分钟。不喜欢盐的可以不放，蒸好倒入酱油或者生抽。',53,'http://i5.chuimg.com/576c0765c701461a9f3e3d54be3c708e_2999w_3998h.jpg'),(107,'5','人少或者孩子的量：土鸡蛋3个（或者超市的鸡蛋挑大个的2个），淘米水半小碗，水开后大火蒸5分钟，焖3分钟。',53,'http://i5.chuimg.com/f7cadecea61d4424a44db08e481e88b5_480w_384h.jpg'),(114,'1','准备好杏鲍菇洗干净',61,'http://i5.chuimg.com/2c073f25ce184e0f8a1df1710ee9e879_2880w_2160h.jpg'),(115,'2','将杏鲍菇撕成丝，加盐腌10分钟',61,'http://i5.chuimg.com/3cff16948070455e9af04cbfbcc60e02_2880w_2160h.jpg'),(116,'3','将面粉、玉米淀粉、五香粉、鸡蛋放在一个盆里搅拌…',61,'http://i5.chuimg.com/ebae18399e854a9482446111b10428e0_2880w_2160h.jpg'),(117,'4','我上一个照片是两个鸡蛋，但是不行！又多加了一个，搅拌成这个状态…',61,'http://i1.chuimg.com/68a0dcfad3ce482b80c5366aa4acebdb_2880w_2160h.jpg'),(118,'5','将杏鲍菇放在里面均匀搅拌，让每一个杏鲍菇都包裹液体',61,'http://i5.chuimg.com/97ff43bc09ea4ea198d316a3b3b09d87_2880w_2160h.jpg'),(119,'6','放在油锅里炸一炸 …',61,'http://i5.chuimg.com/934137fb737b420dbd7e91a8fbcc8f9d_2160w_2880h.jpg'),(120,'7','炸完以后，大火再复炸一次！',61,'http://i5.chuimg.com/bad597a94cb24294a1640ce195f0d8bb_2160w_2880h.jpg'),(121,'8','炸至金黄捞出……',61,'http://i5.chuimg.com/d18385acd3a342bbb10dba78d564e691_2160w_2880h.jpg'),(122,'1','茄子去皮切大小均匀的方块蒸5分钟',63,'http://i5.chuimg.com/0a72e080c01d447eb9726e28e8fd9768_742w_888h.jpg'),(123,'2','葱姜蒜红绿椒切碎备用',63,'http://i5.chuimg.com/9e17082e03a14a42b9c6ed81fe618872_751w_600h.jpg'),(124,'3','碗里倒入生抽，老抽，白糖，盐，淀粉，醋各一勺，加点水搅拌均匀',63,'http://i5.chuimg.com/bf6b7e7acd91420c874c7e366006291e_750w_750h.jpg'),(125,'4','热锅热油，下肉末翻炒断生后放入葱姜蒜青红椒翻炒均匀，再加入蒸好的茄子翻炒均匀',63,'http://i1.chuimg.com/67055ce0b6574662a832395c8965b3fc_720w_902h.jpg'),(126,'5','调好的酱汁倒进去翻炒一分钟左右就可以出锅啦！',63,'http://i5.chuimg.com/163a3fac393448399a29a274d88d488f_750w_937h.jpg'),(127,'6','很下饭哦！',63,'http://i1.chuimg.com/b7416eda4a9c485daa5a4e2046dbb772_750w_600h.jpg'),(128,'1','煮饭时淘好米后，加少点水用手轻搓一下米，倒出半大碗备用。',64,'http://i5.chuimg.com/4ab47e7133c04e0294b4e5595c13668b_3024w_4032h.jpg'),(129,'2','大碗里打入5个小的土鸡蛋（老家土鸡蛋很小，超市的鸡蛋4个就行），加入半勺盐，用筷子搅拌均匀，加入米饭碗满满1碗之前准备的淘米水轻轻拌匀。封好保鲜膜用牙签扎几个洞。',64,'http://i1.chuimg.com/d2d12af06beb465d99ea6074dbb3e362_480w_384h.jpg'),(130,'3','蒸锅加入水大火，水开后调成中火蒸15分钟，关火焖5分钟。这是成品。',64,'http://i5.chuimg.com/8ceafe07e467433d9912719456a71072_2999w_3998h.jpg'),(131,'4','想吃肉沫味的，先炒熟各种味的肉沫，关火的时候倒进去焖5分钟。不喜欢盐的可以不放，蒸好倒入酱油或者生抽。',64,'http://i5.chuimg.com/576c0765c701461a9f3e3d54be3c708e_2999w_3998h.jpg'),(132,'5','人少或者孩子的量：土鸡蛋3个（或者超市的鸡蛋挑大个的2个），淘米水半小碗，水开后大火蒸5分钟，焖3分钟。',64,'http://i5.chuimg.com/f7cadecea61d4424a44db08e481e88b5_480w_384h.jpg'),(133,'1','调一碗料汁：碗里加一勺蒜末，两勺生抽，一勺蚝油，半匙食盐，半匙白糖，半勺淀粉、三勺水混合备用。',65,'http://i5.chuimg.com/b458755abae6445f86a226e1bf35b364_1124w_1500h.jpg'),(134,'2','准备食材：豆腐切块，鸡蛋一个，淀粉适量',65,'http://i5.chuimg.com/595fb323c9a244a0b6b20f6ec8c06162_1500w_1124h.jpg'),(135,'3','豆腐先裹一层淀粉',65,'http://i5.chuimg.com/97bf3eaf72d94b76bbebdad945032f20_1124w_1500h.jpg'),(136,'4','再裹上一层鸡蛋液',65,'http://i5.chuimg.com/0bb2790efaae4481bb964018f83a8d25_1124w_1500h.jpg'),(137,'1','…这也太好吃了吧～',67,'http://i5.chuimg.com/8c4221fa370746f2bdd7442a0321dd78_4033w_3024h.jpg'),(138,'1','真的超级好吃……',68,'http://i5.chuimg.com/506bbf9457ab48d98af2d3793d447e0e_1500w_1124h.jpg'),(139,'2','调酱汁：1勺生抽，1勺蚝油，半勺老抽，适量白糖，1勺淀粉，半碗清水，搅拌均匀备用',68,'http://i5.chuimg.com/4e557cf70f7e431d895a4e03985995c0_1124w_1124h.jpg'),(140,'1','两个大鸡腿洗干净',69,'http://i5.chuimg.com/4764487f406c4ea6abf40fda72477c00_926w_741h.jpg'),(141,'2','凉水下锅，加姜片 葱段 盐，煮20分钟',69,'http://i1.chuimg.com/6540ca8c503341b7b04b507c3ac60361_1000w_1000h.jpg'),(142,'3','趁煮鸡肉的空隙来准备腌料，生抽、香醋、小米辣、蒜蓉、香菜、柠檬、盐 糖、鸡精，香油',69,'http://i5.chuimg.com/f9158a112e8949eb8062a0da9c6682fb_1124w_1124h.jpg'),(143,'4','煮好的鸡肉放凉撕碎',69,'http://i5.chuimg.com/f88ed2f3f1124d21a86271e4bc3a2df8_1124w_1124h.jpg'),(144,'5','把腌料倒进去拌匀',69,'http://i5.chuimg.com/c08fdafa980e48e2882490fae946b23c_1124w_1124h.jpg'),(145,'6','最后撒上熟芝麻 会更香～做好最好放冰箱冷藏几个小时再吃 更入味～',69,'http://i1.chuimg.com/deebcb476e8347aeb0ac2047c5859c62_1124w_1124h.jpg'),(146,'1','食材准备:  豆腐不要太多，半块足够，记得是嫩豆腐，海鲜菇切成段',71,'http://i5.chuimg.com/40620fa92fa348f39a9f83b2a5ca966f_912w_684h.jpg'),(147,'1','牛肉清洗后切条放入碗中准备腌制',72,'http://i5.chuimg.com/2b0bb53d86ff4067b46da042645abf38_684w_912h.jpg'),(148,'2','加适量食盐，用手抓至牛肉表面干燥略发粘，分两次加入少许清水，每一次都抓至水分被牛肉完全吸收',72,'http://i5.chuimg.com/19759e0d056d437a99ec98d436798ed4_684w_912h.jpg'),(149,'3','加入适量淀粉，抓匀',72,'http://i1.chuimg.com/8a07258157334fff900af204d8636b0f_684w_912h.jpg'),(150,'4','加入适量食用油锁住味道和水分，静止腌制10分钟以上',72,'http://i5.chuimg.com/fb21fe725c6a46188fd93aca9dee0db6_912w_684h.jpg'),(151,'5','洋葱切碎备用',72,'http://i5.chuimg.com/d482d219a2af4628be5d57b42d97fc69_912w_684h.jpg'),(152,'6','国内倒油温度还不太热时下去腌制好的肉丝',72,'http://i5.chuimg.com/baa8a51a0918471a8b9a543cb5de70db_684w_912h.jpg'),(153,'7','牛肉变色后加入少量生抽，老抽，胡椒粉',72,'http://i5.chuimg.com/2bd39f6fa0614ef987080bde3c0bb5b6_684w_912h.jpg'),(154,'8','放入洋葱煸炒至变软',72,'http://i1.chuimg.com/929d6f91dee441dd9b3de8c0be130b41_684w_912h.jpg'),(155,'9','盛出装盘',72,'http://i5.chuimg.com/d4905de393724383ad6a72029374de3a_912w_684h.jpg'),(156,'1','包菜用手撕成大块 一片叶子一分为二最佳 放入水中待用  要用的时候再沥干水分',76,'http://i1.chuimg.com/561326a5928049c0877b90ed6e90f485_810w_1080h.jpg'),(157,'2','准备好蒜跟干辣椒 蒜不用切那么细 粗一点更好',76,'http://i5.chuimg.com/2cc0701ae8db4a239d83b70e94b87344_992w_744h.jpg'),(158,'3','碗里加入1勺生抽 2勺蒸鱼豉油  1勺蚝油 适量鸡精搅拌均匀',76,'http://i5.chuimg.com/78c45b61c6524f1384c2ea5bd03fef2f_1080w_810h.jpg'),(159,'4','起锅烧油 加入蒜粒干辣椒爆香（个人比较喜欢丢几颗麻椒增香）',76,'http://i5.chuimg.com/704ba40c73bd44998eec3ef42a31e121_810w_1080h.jpg'),(160,'5','将沥干水分的包菜放入锅中翻炒 全程大火 20秒钟后加入勾兑好的芡汁倒入锅中继续翻炒 大约1分钟不到就可以出锅了 千万别太久 不然就不脆了 （喜欢吃酸的可以适当加点醋）',76,'http://i5.chuimg.com/1e6f7e54011643c18ba479e2d2b584f9_810w_1080h.jpg'),(161,'6','出锅 色香味俱全～等着掌声吧～',76,'http://i5.chuimg.com/599637e4ca8149ec92b7906ef918b636_1080w_810h.jpg'),(162,'1','土豆去皮切成均匀的片状',79,'http://i5.chuimg.com/779e6afdf81b4503aa44b245da38e197_371w_499h.jpg'),(163,'2','锅中加入适量清水水开放入切好的土豆片焯熟捞出过冷水',79,'http://i1.chuimg.com/2f319f86b8da4f3580101af76a912bed_373w_499h.jpg'),(164,'3','过凉水的土豆片控干水分撒上一层干淀粉',79,'http://i1.chuimg.com/e4b00c355c6e4404a34297d5fd53a2d1_373w_499h.jpg'),(165,'4','锅中加入适量的食用油油温6成热放入土豆片炸至金黄酥脆捞出',79,'http://i5.chuimg.com/5f911639ecf64a7cb76340447c06d7db_373w_502h.jpg'),(166,'5','锅中再次加入少许食用油，然后放入小米辣、蒜、香辣酱、生抽、蚝油、翻炒出香味后放入炸好的土豆片、孜然、辣椒面、芝麻、翻炒均匀即可出锅',79,'http://i5.chuimg.com/9644654fe1624cb9819ab21f223a5608_373w_502h.jpg'),(167,'6','最后撒点葱花，简单又美味的香辣土豆片就制作完成啦！',79,'http://i1.chuimg.com/0281837afa5343f884dcf3d51b9bcdcc_371w_503h.jpg'),(168,'1','土豆去皮切成均匀的片状',81,'http://i5.chuimg.com/779e6afdf81b4503aa44b245da38e197_371w_499h.jpg'),(169,'2','锅中加入适量清水水开放入切好的土豆片焯熟捞出过冷水',81,'http://i1.chuimg.com/2f319f86b8da4f3580101af76a912bed_373w_499h.jpg'),(170,'3','过凉水的土豆片控干水分撒上一层干淀粉',81,'http://i1.chuimg.com/e4b00c355c6e4404a34297d5fd53a2d1_373w_499h.jpg'),(171,'4','锅中加入适量的食用油油温6成热放入土豆片炸至金黄酥脆捞出',81,'http://i5.chuimg.com/5f911639ecf64a7cb76340447c06d7db_373w_502h.jpg'),(172,'5','锅中再次加入少许食用油，然后放入小米辣、蒜、香辣酱、生抽、蚝油、翻炒出香味后放入炸好的土豆片、孜然、辣椒面、芝麻、翻炒均匀即可出锅',81,'http://i5.chuimg.com/9644654fe1624cb9819ab21f223a5608_373w_502h.jpg'),(173,'6','最后撒点葱花，简单又美味的香辣土豆片就制作完成啦！',81,'http://i1.chuimg.com/0281837afa5343f884dcf3d51b9bcdcc_371w_503h.jpg'),(174,'1','准备好杏鲍菇洗干净',85,'http://i5.chuimg.com/2c073f25ce184e0f8a1df1710ee9e879_2880w_2160h.jpg'),(175,'2','将杏鲍菇撕成丝，加盐腌10分钟',85,'http://i5.chuimg.com/3cff16948070455e9af04cbfbcc60e02_2880w_2160h.jpg'),(176,'3','将面粉、玉米淀粉、五香粉、鸡蛋放在一个盆里搅拌…',85,'http://i5.chuimg.com/ebae18399e854a9482446111b10428e0_2880w_2160h.jpg'),(177,'4','我上一个照片是两个鸡蛋，但是不行！又多加了一个，搅拌成这个状态…',85,'http://i1.chuimg.com/68a0dcfad3ce482b80c5366aa4acebdb_2880w_2160h.jpg'),(178,'5','将杏鲍菇放在里面均匀搅拌，让每一个杏鲍菇都包裹液体',85,'http://i5.chuimg.com/97ff43bc09ea4ea198d316a3b3b09d87_2880w_2160h.jpg'),(179,'6','放在油锅里炸一炸 …',85,'http://i5.chuimg.com/934137fb737b420dbd7e91a8fbcc8f9d_2160w_2880h.jpg'),(180,'7','炸完以后，大火再复炸一次！',85,'http://i5.chuimg.com/bad597a94cb24294a1640ce195f0d8bb_2160w_2880h.jpg'),(181,'8','炸至金黄捞出……',85,'http://i5.chuimg.com/d18385acd3a342bbb10dba78d564e691_2160w_2880h.jpg'),(182,'1','茄子去皮切大小均匀的方块蒸5分钟',87,'http://i5.chuimg.com/0a72e080c01d447eb9726e28e8fd9768_742w_888h.jpg'),(183,'2','葱姜蒜红绿椒切碎备用',87,'http://i5.chuimg.com/9e17082e03a14a42b9c6ed81fe618872_751w_600h.jpg'),(184,'3','碗里倒入生抽，老抽，白糖，盐，淀粉，醋各一勺，加点水搅拌均匀',87,'http://i5.chuimg.com/bf6b7e7acd91420c874c7e366006291e_750w_750h.jpg'),(185,'4','热锅热油，下肉末翻炒断生后放入葱姜蒜青红椒翻炒均匀，再加入蒸好的茄子翻炒均匀',87,'http://i1.chuimg.com/67055ce0b6574662a832395c8965b3fc_720w_902h.jpg'),(186,'5','调好的酱汁倒进去翻炒一分钟左右就可以出锅啦！',87,'http://i5.chuimg.com/163a3fac393448399a29a274d88d488f_750w_937h.jpg'),(187,'6','很下饭哦！',87,'http://i1.chuimg.com/b7416eda4a9c485daa5a4e2046dbb772_750w_600h.jpg'),(188,'1','包菜用手撕成大块 一片叶子一分为二最佳 放入水中待用  要用的时候再沥干水分',88,'http://i1.chuimg.com/561326a5928049c0877b90ed6e90f485_810w_1080h.jpg'),(189,'2','准备好蒜跟干辣椒 蒜不用切那么细 粗一点更好',88,'http://i5.chuimg.com/2cc0701ae8db4a239d83b70e94b87344_992w_744h.jpg'),(190,'3','碗里加入1勺生抽 2勺蒸鱼豉油  1勺蚝油 适量鸡精搅拌均匀',88,'http://i5.chuimg.com/78c45b61c6524f1384c2ea5bd03fef2f_1080w_810h.jpg'),(191,'4','起锅烧油 加入蒜粒干辣椒爆香（个人比较喜欢丢几颗麻椒增香）',88,'http://i5.chuimg.com/704ba40c73bd44998eec3ef42a31e121_810w_1080h.jpg'),(192,'5','将沥干水分的包菜放入锅中翻炒 全程大火 20秒钟后加入勾兑好的芡汁倒入锅中继续翻炒 大约1分钟不到就可以出锅了 千万别太久 不然就不脆了 （喜欢吃酸的可以适当加点醋）',88,'http://i5.chuimg.com/1e6f7e54011643c18ba479e2d2b584f9_810w_1080h.jpg'),(193,'6','出锅 色香味俱全～等着掌声吧～',88,'http://i5.chuimg.com/599637e4ca8149ec92b7906ef918b636_1080w_810h.jpg'),(194,'1','…这也太好吃了吧～',91,'http://i5.chuimg.com/8c4221fa370746f2bdd7442a0321dd78_4033w_3024h.jpg'),(195,'1','食材准备:  豆腐不要太多，半块足够，记得是嫩豆腐，海鲜菇切成段',92,'http://i5.chuimg.com/40620fa92fa348f39a9f83b2a5ca966f_912w_684h.jpg'),(196,'1','调一碗料汁：碗里加一勺蒜末，两勺生抽，一勺蚝油，半匙食盐，半匙白糖，半勺淀粉、三勺水混合备用。',94,'http://i5.chuimg.com/b458755abae6445f86a226e1bf35b364_1124w_1500h.jpg'),(197,'2','准备食材：豆腐切块，鸡蛋一个，淀粉适量',94,'http://i5.chuimg.com/595fb323c9a244a0b6b20f6ec8c06162_1500w_1124h.jpg'),(198,'3','豆腐先裹一层淀粉',94,'http://i5.chuimg.com/97bf3eaf72d94b76bbebdad945032f20_1124w_1500h.jpg'),(199,'4','再裹上一层鸡蛋液',94,'http://i5.chuimg.com/0bb2790efaae4481bb964018f83a8d25_1124w_1500h.jpg'),(200,'1','煮饭时淘好米后，加少点水用手轻搓一下米，倒出半大碗备用。',96,'http://i5.chuimg.com/4ab47e7133c04e0294b4e5595c13668b_3024w_4032h.jpg'),(201,'2','大碗里打入5个小的土鸡蛋（老家土鸡蛋很小，超市的鸡蛋4个就行），加入半勺盐，用筷子搅拌均匀，加入米饭碗满满1碗之前准备的淘米水轻轻拌匀。封好保鲜膜用牙签扎几个洞。',96,'http://i1.chuimg.com/d2d12af06beb465d99ea6074dbb3e362_480w_384h.jpg'),(202,'3','蒸锅加入水大火，水开后调成中火蒸15分钟，关火焖5分钟。这是成品。',96,'http://i5.chuimg.com/8ceafe07e467433d9912719456a71072_2999w_3998h.jpg'),(203,'4','想吃肉沫味的，先炒熟各种味的肉沫，关火的时候倒进去焖5分钟。不喜欢盐的可以不放，蒸好倒入酱油或者生抽。',96,'http://i5.chuimg.com/576c0765c701461a9f3e3d54be3c708e_2999w_3998h.jpg'),(204,'5','人少或者孩子的量：土鸡蛋3个（或者超市的鸡蛋挑大个的2个），淘米水半小碗，水开后大火蒸5分钟，焖3分钟。',96,'http://i5.chuimg.com/f7cadecea61d4424a44db08e481e88b5_480w_384h.jpg'),(205,'1','真的超级好吃……',98,'http://i5.chuimg.com/506bbf9457ab48d98af2d3793d447e0e_1500w_1124h.jpg'),(206,'2','调酱汁：1勺生抽，1勺蚝油，半勺老抽，适量白糖，1勺淀粉，半碗清水，搅拌均匀备用',98,'http://i5.chuimg.com/4e557cf70f7e431d895a4e03985995c0_1124w_1124h.jpg'),(207,'1','牛肉清洗后切条放入碗中准备腌制',99,'http://i5.chuimg.com/2b0bb53d86ff4067b46da042645abf38_684w_912h.jpg'),(208,'2','加适量食盐，用手抓至牛肉表面干燥略发粘，分两次加入少许清水，每一次都抓至水分被牛肉完全吸收',99,'http://i5.chuimg.com/19759e0d056d437a99ec98d436798ed4_684w_912h.jpg'),(209,'3','加入适量淀粉，抓匀',99,'http://i1.chuimg.com/8a07258157334fff900af204d8636b0f_684w_912h.jpg'),(210,'4','加入适量食用油锁住味道和水分，静止腌制10分钟以上',99,'http://i5.chuimg.com/fb21fe725c6a46188fd93aca9dee0db6_912w_684h.jpg'),(211,'5','洋葱切碎备用',99,'http://i5.chuimg.com/d482d219a2af4628be5d57b42d97fc69_912w_684h.jpg'),(212,'6','国内倒油温度还不太热时下去腌制好的肉丝',99,'http://i5.chuimg.com/baa8a51a0918471a8b9a543cb5de70db_684w_912h.jpg'),(213,'7','牛肉变色后加入少量生抽，老抽，胡椒粉',99,'http://i5.chuimg.com/2bd39f6fa0614ef987080bde3c0bb5b6_684w_912h.jpg'),(214,'8','放入洋葱煸炒至变软',99,'http://i1.chuimg.com/929d6f91dee441dd9b3de8c0be130b41_684w_912h.jpg'),(215,'9','盛出装盘',99,'http://i5.chuimg.com/d4905de393724383ad6a72029374de3a_912w_684h.jpg'),(216,'1','两个大鸡腿洗干净',100,'http://i5.chuimg.com/4764487f406c4ea6abf40fda72477c00_926w_741h.jpg'),(217,'2','凉水下锅，加姜片 葱段 盐，煮20分钟',100,'http://i1.chuimg.com/6540ca8c503341b7b04b507c3ac60361_1000w_1000h.jpg'),(218,'3','趁煮鸡肉的空隙来准备腌料，生抽、香醋、小米辣、蒜蓉、香菜、柠檬、盐 糖、鸡精，香油',100,'http://i5.chuimg.com/f9158a112e8949eb8062a0da9c6682fb_1124w_1124h.jpg'),(219,'4','煮好的鸡肉放凉撕碎',100,'http://i5.chuimg.com/f88ed2f3f1124d21a86271e4bc3a2df8_1124w_1124h.jpg'),(220,'5','把腌料倒进去拌匀',100,'http://i5.chuimg.com/c08fdafa980e48e2882490fae946b23c_1124w_1124h.jpg'),(221,'6','最后撒上熟芝麻 会更香～做好最好放冰箱冷藏几个小时再吃 更入味～',100,'http://i1.chuimg.com/deebcb476e8347aeb0ac2047c5859c62_1124w_1124h.jpg'),(222,'1','牛肉清洗后切条放入碗中准备腌制',101,'http://i5.chuimg.com/2b0bb53d86ff4067b46da042645abf38_684w_912h.jpg'),(223,'2','加适量食盐，用手抓至牛肉表面干燥略发粘，分两次加入少许清水，每一次都抓至水分被牛肉完全吸收',101,'http://i5.chuimg.com/19759e0d056d437a99ec98d436798ed4_684w_912h.jpg'),(224,'3','加入适量淀粉，抓匀',101,'http://i1.chuimg.com/8a07258157334fff900af204d8636b0f_684w_912h.jpg'),(225,'4','加入适量食用油锁住味道和水分，静止腌制10分钟以上',101,'http://i5.chuimg.com/fb21fe725c6a46188fd93aca9dee0db6_912w_684h.jpg'),(226,'5','洋葱切碎备用',101,'http://i5.chuimg.com/d482d219a2af4628be5d57b42d97fc69_912w_684h.jpg'),(227,'6','国内倒油温度还不太热时下去腌制好的肉丝',101,'http://i5.chuimg.com/baa8a51a0918471a8b9a543cb5de70db_684w_912h.jpg'),(228,'7','牛肉变色后加入少量生抽，老抽，胡椒粉',101,'http://i5.chuimg.com/2bd39f6fa0614ef987080bde3c0bb5b6_684w_912h.jpg'),(229,'8','放入洋葱煸炒至变软',101,'http://i1.chuimg.com/929d6f91dee441dd9b3de8c0be130b41_684w_912h.jpg'),(230,'9','盛出装盘',101,'http://i5.chuimg.com/d4905de393724383ad6a72029374de3a_912w_684h.jpg'),(231,'1','准备好杏鲍菇洗干净',102,'http://i5.chuimg.com/2c073f25ce184e0f8a1df1710ee9e879_2880w_2160h.jpg'),(232,'2','将杏鲍菇撕成丝，加盐腌10分钟',102,'http://i5.chuimg.com/3cff16948070455e9af04cbfbcc60e02_2880w_2160h.jpg'),(233,'3','将面粉、玉米淀粉、五香粉、鸡蛋放在一个盆里搅拌…',102,'http://i5.chuimg.com/ebae18399e854a9482446111b10428e0_2880w_2160h.jpg'),(234,'4','我上一个照片是两个鸡蛋，但是不行！又多加了一个，搅拌成这个状态…',102,'http://i1.chuimg.com/68a0dcfad3ce482b80c5366aa4acebdb_2880w_2160h.jpg'),(235,'5','将杏鲍菇放在里面均匀搅拌，让每一个杏鲍菇都包裹液体',102,'http://i5.chuimg.com/97ff43bc09ea4ea198d316a3b3b09d87_2880w_2160h.jpg'),(236,'6','放在油锅里炸一炸 …',102,'http://i5.chuimg.com/934137fb737b420dbd7e91a8fbcc8f9d_2160w_2880h.jpg'),(237,'7','炸完以后，大火再复炸一次！',102,'http://i5.chuimg.com/bad597a94cb24294a1640ce195f0d8bb_2160w_2880h.jpg'),(238,'8','炸至金黄捞出……',102,'http://i5.chuimg.com/d18385acd3a342bbb10dba78d564e691_2160w_2880h.jpg'),(239,'1','煮饭时淘好米后，加少点水用手轻搓一下米，倒出半大碗备用。',103,'http://i5.chuimg.com/4ab47e7133c04e0294b4e5595c13668b_3024w_4032h.jpg'),(240,'2','大碗里打入5个小的土鸡蛋（老家土鸡蛋很小，超市的鸡蛋4个就行），加入半勺盐，用筷子搅拌均匀，加入米饭碗满满1碗之前准备的淘米水轻轻拌匀。封好保鲜膜用牙签扎几个洞。',103,'http://i1.chuimg.com/d2d12af06beb465d99ea6074dbb3e362_480w_384h.jpg'),(241,'3','蒸锅加入水大火，水开后调成中火蒸15分钟，关火焖5分钟。这是成品。',103,'http://i5.chuimg.com/8ceafe07e467433d9912719456a71072_2999w_3998h.jpg'),(242,'4','想吃肉沫味的，先炒熟各种味的肉沫，关火的时候倒进去焖5分钟。不喜欢盐的可以不放，蒸好倒入酱油或者生抽。',103,'http://i5.chuimg.com/576c0765c701461a9f3e3d54be3c708e_2999w_3998h.jpg'),(243,'5','人少或者孩子的量：土鸡蛋3个（或者超市的鸡蛋挑大个的2个），淘米水半小碗，水开后大火蒸5分钟，焖3分钟。',103,'http://i5.chuimg.com/f7cadecea61d4424a44db08e481e88b5_480w_384h.jpg'),(244,'1','包菜用手撕成大块 一片叶子一分为二最佳 放入水中待用  要用的时候再沥干水分',104,'http://i1.chuimg.com/561326a5928049c0877b90ed6e90f485_810w_1080h.jpg'),(245,'2','准备好蒜跟干辣椒 蒜不用切那么细 粗一点更好',104,'http://i5.chuimg.com/2cc0701ae8db4a239d83b70e94b87344_992w_744h.jpg'),(246,'3','碗里加入1勺生抽 2勺蒸鱼豉油  1勺蚝油 适量鸡精搅拌均匀',104,'http://i5.chuimg.com/78c45b61c6524f1384c2ea5bd03fef2f_1080w_810h.jpg'),(247,'4','起锅烧油 加入蒜粒干辣椒爆香（个人比较喜欢丢几颗麻椒增香）',104,'http://i5.chuimg.com/704ba40c73bd44998eec3ef42a31e121_810w_1080h.jpg'),(248,'5','将沥干水分的包菜放入锅中翻炒 全程大火 20秒钟后加入勾兑好的芡汁倒入锅中继续翻炒 大约1分钟不到就可以出锅了 千万别太久 不然就不脆了 （喜欢吃酸的可以适当加点醋）',104,'http://i5.chuimg.com/1e6f7e54011643c18ba479e2d2b584f9_810w_1080h.jpg'),(249,'6','出锅 色香味俱全～等着掌声吧～',104,'http://i5.chuimg.com/599637e4ca8149ec92b7906ef918b636_1080w_810h.jpg'),(250,'1','土豆去皮切成均匀的片状',109,'http://i5.chuimg.com/779e6afdf81b4503aa44b245da38e197_371w_499h.jpg'),(251,'2','锅中加入适量清水水开放入切好的土豆片焯熟捞出过冷水',109,'http://i1.chuimg.com/2f319f86b8da4f3580101af76a912bed_373w_499h.jpg'),(252,'3','过凉水的土豆片控干水分撒上一层干淀粉',109,'http://i1.chuimg.com/e4b00c355c6e4404a34297d5fd53a2d1_373w_499h.jpg'),(253,'4','锅中加入适量的食用油油温6成热放入土豆片炸至金黄酥脆捞出',109,'http://i5.chuimg.com/5f911639ecf64a7cb76340447c06d7db_373w_502h.jpg'),(254,'5','锅中再次加入少许食用油，然后放入小米辣、蒜、香辣酱、生抽、蚝油、翻炒出香味后放入炸好的土豆片、孜然、辣椒面、芝麻、翻炒均匀即可出锅',109,'http://i5.chuimg.com/9644654fe1624cb9819ab21f223a5608_373w_502h.jpg'),(255,'6','最后撒点葱花，简单又美味的香辣土豆片就制作完成啦！',109,'http://i1.chuimg.com/0281837afa5343f884dcf3d51b9bcdcc_371w_503h.jpg'),(256,'1','两个大鸡腿洗干净',111,'http://i5.chuimg.com/4764487f406c4ea6abf40fda72477c00_926w_741h.jpg'),(257,'2','凉水下锅，加姜片 葱段 盐，煮20分钟',111,'http://i1.chuimg.com/6540ca8c503341b7b04b507c3ac60361_1000w_1000h.jpg'),(258,'3','趁煮鸡肉的空隙来准备腌料，生抽、香醋、小米辣、蒜蓉、香菜、柠檬、盐 糖、鸡精，香油',111,'http://i5.chuimg.com/f9158a112e8949eb8062a0da9c6682fb_1124w_1124h.jpg'),(259,'4','煮好的鸡肉放凉撕碎',111,'http://i5.chuimg.com/f88ed2f3f1124d21a86271e4bc3a2df8_1124w_1124h.jpg'),(260,'5','把腌料倒进去拌匀',111,'http://i5.chuimg.com/c08fdafa980e48e2882490fae946b23c_1124w_1124h.jpg'),(261,'6','最后撒上熟芝麻 会更香～做好最好放冰箱冷藏几个小时再吃 更入味～',111,'http://i1.chuimg.com/deebcb476e8347aeb0ac2047c5859c62_1124w_1124h.jpg'),(262,'1','真的超级好吃……',112,'http://i5.chuimg.com/506bbf9457ab48d98af2d3793d447e0e_1500w_1124h.jpg'),(263,'2','调酱汁：1勺生抽，1勺蚝油，半勺老抽，适量白糖，1勺淀粉，半碗清水，搅拌均匀备用',112,'http://i5.chuimg.com/4e557cf70f7e431d895a4e03985995c0_1124w_1124h.jpg'),(264,'1','食材准备:  豆腐不要太多，半块足够，记得是嫩豆腐，海鲜菇切成段',114,'http://i5.chuimg.com/40620fa92fa348f39a9f83b2a5ca966f_912w_684h.jpg'),(265,'1','…这也太好吃了吧～',115,'http://i5.chuimg.com/8c4221fa370746f2bdd7442a0321dd78_4033w_3024h.jpg'),(266,'1','茄子去皮切大小均匀的方块蒸5分钟',117,'http://i5.chuimg.com/0a72e080c01d447eb9726e28e8fd9768_742w_888h.jpg'),(267,'2','葱姜蒜红绿椒切碎备用',117,'http://i5.chuimg.com/9e17082e03a14a42b9c6ed81fe618872_751w_600h.jpg'),(268,'3','碗里倒入生抽，老抽，白糖，盐，淀粉，醋各一勺，加点水搅拌均匀',117,'http://i5.chuimg.com/bf6b7e7acd91420c874c7e366006291e_750w_750h.jpg'),(269,'4','热锅热油，下肉末翻炒断生后放入葱姜蒜青红椒翻炒均匀，再加入蒸好的茄子翻炒均匀',117,'http://i1.chuimg.com/67055ce0b6574662a832395c8965b3fc_720w_902h.jpg'),(270,'5','调好的酱汁倒进去翻炒一分钟左右就可以出锅啦！',117,'http://i5.chuimg.com/163a3fac393448399a29a274d88d488f_750w_937h.jpg'),(271,'6','很下饭哦！',117,'http://i1.chuimg.com/b7416eda4a9c485daa5a4e2046dbb772_750w_600h.jpg'),(276,'1','真的超级好吃……',142,'http://i5.chuimg.com/506bbf9457ab48d98af2d3793d447e0e_1500w_1124h.jpg'),(277,'2','调酱汁：1勺生抽，1勺蚝油，半勺老抽，适量白糖，1勺淀粉，半碗清水，搅拌均匀备用',142,'http://i5.chuimg.com/4e557cf70f7e431d895a4e03985995c0_1124w_1124h.jpg'),(278,'1','土豆去皮切成均匀的片状',143,'http://i5.chuimg.com/779e6afdf81b4503aa44b245da38e197_371w_499h.jpg'),(279,'2','锅中加入适量清水水开放入切好的土豆片焯熟捞出过冷水',143,'http://i1.chuimg.com/2f319f86b8da4f3580101af76a912bed_373w_499h.jpg'),(280,'3','过凉水的土豆片控干水分撒上一层干淀粉',143,'http://i1.chuimg.com/e4b00c355c6e4404a34297d5fd53a2d1_373w_499h.jpg'),(281,'4','锅中加入适量的食用油油温6成热放入土豆片炸至金黄酥脆捞出',143,'http://i5.chuimg.com/5f911639ecf64a7cb76340447c06d7db_373w_502h.jpg'),(282,'5','锅中再次加入少许食用油，然后放入小米辣、蒜、香辣酱、生抽、蚝油、翻炒出香味后放入炸好的土豆片、孜然、辣椒面、芝麻、翻炒均匀即可出锅',143,'http://i5.chuimg.com/9644654fe1624cb9819ab21f223a5608_373w_502h.jpg'),(283,'6','最后撒点葱花，简单又美味的香辣土豆片就制作完成啦！',143,'http://i1.chuimg.com/0281837afa5343f884dcf3d51b9bcdcc_371w_503h.jpg'),(284,'1','调一碗料汁：碗里加一勺蒜末，两勺生抽，一勺蚝油，半匙食盐，半匙白糖，半勺淀粉、三勺水混合备用。',144,'http://i5.chuimg.com/b458755abae6445f86a226e1bf35b364_1124w_1500h.jpg'),(285,'2','准备食材：豆腐切块，鸡蛋一个，淀粉适量',144,'http://i5.chuimg.com/595fb323c9a244a0b6b20f6ec8c06162_1500w_1124h.jpg'),(286,'3','豆腐先裹一层淀粉',144,'http://i5.chuimg.com/97bf3eaf72d94b76bbebdad945032f20_1124w_1500h.jpg'),(287,'4','再裹上一层鸡蛋液',144,'http://i5.chuimg.com/0bb2790efaae4481bb964018f83a8d25_1124w_1500h.jpg'),(288,'1','…这也太好吃了吧～',145,'http://i5.chuimg.com/8c4221fa370746f2bdd7442a0321dd78_4033w_3024h.jpg'),(289,'1','两个大鸡腿洗干净',147,'http://i5.chuimg.com/4764487f406c4ea6abf40fda72477c00_926w_741h.jpg'),(290,'2','凉水下锅，加姜片 葱段 盐，煮20分钟',147,'http://i1.chuimg.com/6540ca8c503341b7b04b507c3ac60361_1000w_1000h.jpg'),(291,'3','趁煮鸡肉的空隙来准备腌料，生抽、香醋、小米辣、蒜蓉、香菜、柠檬、盐 糖、鸡精，香油',147,'http://i5.chuimg.com/f9158a112e8949eb8062a0da9c6682fb_1124w_1124h.jpg'),(292,'4','煮好的鸡肉放凉撕碎',147,'http://i5.chuimg.com/f88ed2f3f1124d21a86271e4bc3a2df8_1124w_1124h.jpg'),(293,'5','把腌料倒进去拌匀',147,'http://i5.chuimg.com/c08fdafa980e48e2882490fae946b23c_1124w_1124h.jpg'),(294,'6','最后撒上熟芝麻 会更香～做好最好放冰箱冷藏几个小时再吃 更入味～',147,'http://i1.chuimg.com/deebcb476e8347aeb0ac2047c5859c62_1124w_1124h.jpg'),(295,'1','牛肉清洗后切条放入碗中准备腌制',148,'http://i5.chuimg.com/2b0bb53d86ff4067b46da042645abf38_684w_912h.jpg'),(296,'2','加适量食盐，用手抓至牛肉表面干燥略发粘，分两次加入少许清水，每一次都抓至水分被牛肉完全吸收',148,'http://i5.chuimg.com/19759e0d056d437a99ec98d436798ed4_684w_912h.jpg'),(297,'3','加入适量淀粉，抓匀',148,'http://i1.chuimg.com/8a07258157334fff900af204d8636b0f_684w_912h.jpg'),(298,'4','加入适量食用油锁住味道和水分，静止腌制10分钟以上',148,'http://i5.chuimg.com/fb21fe725c6a46188fd93aca9dee0db6_912w_684h.jpg'),(299,'5','洋葱切碎备用',148,'http://i5.chuimg.com/d482d219a2af4628be5d57b42d97fc69_912w_684h.jpg'),(300,'6','国内倒油温度还不太热时下去腌制好的肉丝',148,'http://i5.chuimg.com/baa8a51a0918471a8b9a543cb5de70db_684w_912h.jpg'),(301,'7','牛肉变色后加入少量生抽，老抽，胡椒粉',148,'http://i5.chuimg.com/2bd39f6fa0614ef987080bde3c0bb5b6_684w_912h.jpg'),(302,'8','放入洋葱煸炒至变软',148,'http://i1.chuimg.com/929d6f91dee441dd9b3de8c0be130b41_684w_912h.jpg'),(303,'9','盛出装盘',148,'http://i5.chuimg.com/d4905de393724383ad6a72029374de3a_912w_684h.jpg'),(304,'1','真的超级好吃……',152,'http://i5.chuimg.com/506bbf9457ab48d98af2d3793d447e0e_1500w_1124h.jpg'),(305,'2','调酱汁：1勺生抽，1勺蚝油，半勺老抽，适量白糖，1勺淀粉，半碗清水，搅拌均匀备用',152,'http://i5.chuimg.com/4e557cf70f7e431d895a4e03985995c0_1124w_1124h.jpg'),(306,'1','两个大鸡腿洗干净',155,'http://i5.chuimg.com/4764487f406c4ea6abf40fda72477c00_926w_741h.jpg'),(307,'2','凉水下锅，加姜片 葱段 盐，煮20分钟',155,'http://i1.chuimg.com/6540ca8c503341b7b04b507c3ac60361_1000w_1000h.jpg'),(308,'3','趁煮鸡肉的空隙来准备腌料，生抽、香醋、小米辣、蒜蓉、香菜、柠檬、盐 糖、鸡精，香油',155,'http://i5.chuimg.com/f9158a112e8949eb8062a0da9c6682fb_1124w_1124h.jpg'),(309,'4','煮好的鸡肉放凉撕碎',155,'http://i5.chuimg.com/f88ed2f3f1124d21a86271e4bc3a2df8_1124w_1124h.jpg'),(310,'5','把腌料倒进去拌匀',155,'http://i5.chuimg.com/c08fdafa980e48e2882490fae946b23c_1124w_1124h.jpg'),(311,'6','最后撒上熟芝麻 会更香～做好最好放冰箱冷藏几个小时再吃 更入味～',155,'http://i1.chuimg.com/deebcb476e8347aeb0ac2047c5859c62_1124w_1124h.jpg'),(312,'1','准备好所有食材。虾洗净，开背；鸡翅切块；年糕沸水焯熟，过凉水备用；莴笋和藕切片；土豆切条；洋葱切块。',156,'http://i1.chuimg.com/3c76d05e19a147a4b730df4fc74c1a82_1280w_1023h.jpg'),(313,'2','起锅烧油，直到插入筷子，筷子周围产生密集的小气泡即可。',156,'http://i5.chuimg.com/f480aa2c423c44dca8f6742e300fea61_480w_384h.jpg'),(314,'3','炸莴笋和藕，大概四五分钟。',156,'http://i5.chuimg.com/ee6d4f0f0a68494dbcbc14263b416628_4032w_3024h.jpg'),(315,'4','炸土豆，炸五分钟左右。',156,'http://i5.chuimg.com/265297e95c8f439c8677d82fddaf76c4_4032w_3024h.jpg'),(316,'5','炸年糕，两三分钟即可。',156,'http://i5.chuimg.com/63d94d8cf2e1423e87922897e4064ed5_4032w_3024h.jpg'),(317,'6','鸡翅块提前用盐腌一下，然后加入一点淀粉搅拌一下，入锅炸至金黄。',156,'http://i5.chuimg.com/b96cd97acf7a4f4e91c5aa8e3f059283_4032w_3024h.jpg'),(318,'7','最后炸虾，虾虾也需要提前用淀粉拌一拌，炸至表皮酥脆。',156,'http://i5.chuimg.com/67dab6570dd549cf838c6f3d27b95fa4_4032w_3024h.jpg'),(319,'8','起锅，加一点油，放入大葱，干辣椒，香叶，花椒，洋葱和麻辣香锅调料，再加一大勺生抽让颜色更好看一点同时提鲜，再炒香。',156,'http://i5.chuimg.com/5dc3f002de00482f8e34c297adc5ee05_1280w_1023h.jpg'),(320,'9','加入炸好的食材炒匀。',156,'http://i1.chuimg.com/01595acb27c249ac84602102d7c737f9_1280w_1023h.jpg'),(321,'10','没有盘子装得下，就先装锅里吧，撒上芝麻和香菜叶装饰一下，这么多四个人吃刚好。',156,'http://i5.chuimg.com/7935249f23284b6c95ad4397da40f677_4032w_3024h.jpg'),(322,'11','虾虾来跟大家打个招呼。',156,'http://i5.chuimg.com/98ef64d23ba74c56953d44eaa8a76b45_3024w_4032h.jpg'),(323,'12','年糕也来打招呼了。',156,'http://i5.chuimg.com/6eda5086b1114e5f9b3952450d570153_3024w_4032h.jpg'),(324,'13','为藕片欢呼。',156,'http://i5.chuimg.com/9316f6172c5542e5906ce26a54910a21_3024w_4032h.jpg'),(325,'14','炸过的鸡翅嫩嫩的，贼好吃。',156,'http://i5.chuimg.com/6ebf098ee53a43ab8e3f9bf3114276b5_3024w_4032h.jpg'),(326,'15','再来一盘凉拌黄瓜，酸辣开胃。',156,'http://i5.chuimg.com/39b85dbc9a8441de93fad633ac5fb387_4032w_3024h.jpg'),(327,'16','举杯欢庆啊朋友们！',156,'http://i5.chuimg.com/d6f8f91f2139411d90a7ae2fd8f5445f_4032w_3024h.jpg'),(328,'1','调一碗料汁：碗里加一勺蒜末，两勺生抽，一勺蚝油，半匙食盐，半匙白糖，半勺淀粉、三勺水混合备用。',157,'http://i5.chuimg.com/b458755abae6445f86a226e1bf35b364_1124w_1500h.jpg'),(329,'2','准备食材：豆腐切块，鸡蛋一个，淀粉适量',157,'http://i5.chuimg.com/595fb323c9a244a0b6b20f6ec8c06162_1500w_1124h.jpg'),(330,'3','豆腐先裹一层淀粉',157,'http://i5.chuimg.com/97bf3eaf72d94b76bbebdad945032f20_1124w_1500h.jpg'),(331,'4','再裹上一层鸡蛋液',157,'http://i5.chuimg.com/0bb2790efaae4481bb964018f83a8d25_1124w_1500h.jpg'),(332,'1','茄子去皮切大小均匀的方块蒸5分钟',158,'http://i5.chuimg.com/0a72e080c01d447eb9726e28e8fd9768_742w_888h.jpg'),(333,'2','葱姜蒜红绿椒切碎备用',158,'http://i5.chuimg.com/9e17082e03a14a42b9c6ed81fe618872_751w_600h.jpg'),(334,'3','碗里倒入生抽，老抽，白糖，盐，淀粉，醋各一勺，加点水搅拌均匀',158,'http://i5.chuimg.com/bf6b7e7acd91420c874c7e366006291e_750w_750h.jpg'),(335,'4','热锅热油，下肉末翻炒断生后放入葱姜蒜青红椒翻炒均匀，再加入蒸好的茄子翻炒均匀',158,'http://i1.chuimg.com/67055ce0b6574662a832395c8965b3fc_720w_902h.jpg'),(336,'5','调好的酱汁倒进去翻炒一分钟左右就可以出锅啦！',158,'http://i5.chuimg.com/163a3fac393448399a29a274d88d488f_750w_937h.jpg'),(337,'6','很下饭哦！',158,'http://i1.chuimg.com/b7416eda4a9c485daa5a4e2046dbb772_750w_600h.jpg'),(349,'1','煮饭时淘好米后，加少点水用手轻搓一下米，倒出半大碗备用。',162,'/http://i5.chuimg.com/4ab47e7133c04e0294b4e5595c13668b_3024w_4032h.jpg'),(350,'2','大碗里打入5个小的土鸡蛋（老家土鸡蛋很小，超市的鸡蛋4个就行），加入半勺盐，用筷子搅拌均匀，加入米饭碗满满1碗之前准备的淘米水轻轻拌匀。封好保鲜膜用牙签扎几个洞。',162,'/http://i1.chuimg.com/d2d12af06beb465d99ea6074dbb3e362_480w_384h.jpg'),(351,'3','蒸锅加入水大火，水开后调成中火蒸15分钟，关火焖5分钟。这是成品。',162,'/http://i5.chuimg.com/8ceafe07e467433d9912719456a71072_2999w_3998h.jpg'),(352,'4','想吃肉沫味的，先炒熟各种味的肉沫，关火的时候倒进去焖5分钟。不喜欢盐的可以不放，蒸好倒入酱油或者生抽。',162,'/http://i5.chuimg.com/576c0765c701461a9f3e3d54be3c708e_2999w_3998h.jpg'),(353,'5','人少或者孩子的量：土鸡蛋3个（或者超市的鸡蛋挑大个的2个），淘米水半小碗，水开后大火蒸5分钟，焖3分钟。',162,'/http://i5.chuimg.com/f7cadecea61d4424a44db08e481e88b5_480w_384h.jpg'),(354,'1','准备好杏鲍菇洗干净',163,'/http://i5.chuimg.com/2c073f25ce184e0f8a1df1710ee9e879_2880w_2160h.jpg'),(355,'2','将杏鲍菇撕成丝，加盐腌10分钟',163,'/http://i5.chuimg.com/3cff16948070455e9af04cbfbcc60e02_2880w_2160h.jpg'),(356,'3','将面粉、玉米淀粉、五香粉、鸡蛋放在一个盆里搅拌…',163,'/http://i5.chuimg.com/ebae18399e854a9482446111b10428e0_2880w_2160h.jpg'),(357,'4','我上一个照片是两个鸡蛋，但是不行！又多加了一个，搅拌成这个状态…',163,'/http://i1.chuimg.com/68a0dcfad3ce482b80c5366aa4acebdb_2880w_2160h.jpg'),(358,'5','将杏鲍菇放在里面均匀搅拌，让每一个杏鲍菇都包裹液体',163,'/http://i5.chuimg.com/97ff43bc09ea4ea198d316a3b3b09d87_2880w_2160h.jpg'),(359,'6','放在油锅里炸一炸 …',163,'/http://i5.chuimg.com/934137fb737b420dbd7e91a8fbcc8f9d_2160w_2880h.jpg'),(360,'7','炸完以后，大火再复炸一次！',163,'/http://i5.chuimg.com/bad597a94cb24294a1640ce195f0d8bb_2160w_2880h.jpg'),(361,'8','炸至金黄捞出……',163,'/http://i5.chuimg.com/d18385acd3a342bbb10dba78d564e691_2160w_2880h.jpg'),(362,'1','食材准备:  豆腐不要太多，半块足够，记得是嫩豆腐，海鲜菇切成段',164,'/http://i5.chuimg.com/40620fa92fa348f39a9f83b2a5ca966f_912w_684h.jpg'),(363,'1','两个大鸡腿洗干净',166,'/http://i5.chuimg.com/4764487f406c4ea6abf40fda72477c00_926w_741h.jpg'),(364,'2','凉水下锅，加姜片 葱段 盐，煮20分钟',166,'/http://i1.chuimg.com/6540ca8c503341b7b04b507c3ac60361_1000w_1000h.jpg'),(365,'3','趁煮鸡肉的空隙来准备腌料，生抽、香醋、小米辣、蒜蓉、香菜、柠檬、盐 糖、鸡精，香油',166,'/http://i5.chuimg.com/f9158a112e8949eb8062a0da9c6682fb_1124w_1124h.jpg'),(366,'4','煮好的鸡肉放凉撕碎',166,'/http://i5.chuimg.com/f88ed2f3f1124d21a86271e4bc3a2df8_1124w_1124h.jpg'),(367,'5','把腌料倒进去拌匀',166,'/http://i5.chuimg.com/c08fdafa980e48e2882490fae946b23c_1124w_1124h.jpg'),(368,'6','最后撒上熟芝麻 会更香～做好最好放冰箱冷藏几个小时再吃 更入味～',166,'/http://i1.chuimg.com/deebcb476e8347aeb0ac2047c5859c62_1124w_1124h.jpg'),(369,'1','包菜用手撕成大块 一片叶子一分为二最佳 放入水中待用  要用的时候再沥干水分',168,'/http://i1.chuimg.com/561326a5928049c0877b90ed6e90f485_810w_1080h.jpg'),(370,'2','准备好蒜跟干辣椒 蒜不用切那么细 粗一点更好',168,'/http://i5.chuimg.com/2cc0701ae8db4a239d83b70e94b87344_992w_744h.jpg'),(371,'3','碗里加入1勺生抽 2勺蒸鱼豉油  1勺蚝油 适量鸡精搅拌均匀',168,'/http://i5.chuimg.com/78c45b61c6524f1384c2ea5bd03fef2f_1080w_810h.jpg'),(372,'4','起锅烧油 加入蒜粒干辣椒爆香（个人比较喜欢丢几颗麻椒增香）',168,'/http://i5.chuimg.com/704ba40c73bd44998eec3ef42a31e121_810w_1080h.jpg'),(373,'5','将沥干水分的包菜放入锅中翻炒 全程大火 20秒钟后加入勾兑好的芡汁倒入锅中继续翻炒 大约1分钟不到就可以出锅了 千万别太久 不然就不脆了 （喜欢吃酸的可以适当加点醋）',168,'/http://i5.chuimg.com/1e6f7e54011643c18ba479e2d2b584f9_810w_1080h.jpg'),(374,'6','出锅 色香味俱全～等着掌声吧～',168,'/http://i5.chuimg.com/599637e4ca8149ec92b7906ef918b636_1080w_810h.jpg'),(375,'1','牛肉切好',170,'/http://i5.chuimg.com/0c3c4cff889c4f1b9377c6f584811939_1172w_938h.jpg'),(376,'2','加入一点点水（也可不加）、胡椒粉、蚝油、生抽、油、玉米淀粉（淀粉一点点加入别一次加太多）用手抓拌均匀 这样比较入味',170,'/http://i1.chuimg.com/1c6d1101258a49c399352ba319867d17_1280w_1024h.jpg'),(377,'1','煮饭时淘好米后，加少点水用手轻搓一下米，倒出半大碗备用。',171,'/http://i5.chuimg.com/4ab47e7133c04e0294b4e5595c13668b_3024w_4032h.jpg'),(378,'2','大碗里打入5个小的土鸡蛋（老家土鸡蛋很小，超市的鸡蛋4个就行），加入半勺盐，用筷子搅拌均匀，加入米饭碗满满1碗之前准备的淘米水轻轻拌匀。封好保鲜膜用牙签扎几个洞。',171,'/http://i1.chuimg.com/d2d12af06beb465d99ea6074dbb3e362_480w_384h.jpg'),(379,'3','蒸锅加入水大火，水开后调成中火蒸15分钟，关火焖5分钟。这是成品。',171,'/http://i5.chuimg.com/8ceafe07e467433d9912719456a71072_2999w_3998h.jpg'),(380,'4','想吃肉沫味的，先炒熟各种味的肉沫，关火的时候倒进去焖5分钟。不喜欢盐的可以不放，蒸好倒入酱油或者生抽。',171,'/http://i5.chuimg.com/576c0765c701461a9f3e3d54be3c708e_2999w_3998h.jpg'),(381,'5','人少或者孩子的量：土鸡蛋3个（或者超市的鸡蛋挑大个的2个），淘米水半小碗，水开后大火蒸5分钟，焖3分钟。',171,'/http://i5.chuimg.com/f7cadecea61d4424a44db08e481e88b5_480w_384h.jpg'),(382,'1','准备好所有食材。虾洗净，开背；鸡翅切块；年糕沸水焯熟，过凉水备用；莴笋和藕切片；土豆切条；洋葱切块。',172,'/http://i1.chuimg.com/3c76d05e19a147a4b730df4fc74c1a82_1280w_1023h.jpg'),(383,'2','起锅烧油，直到插入筷子，筷子周围产生密集的小气泡即可。',172,'/http://i5.chuimg.com/f480aa2c423c44dca8f6742e300fea61_480w_384h.jpg'),(384,'3','炸莴笋和藕，大概四五分钟。',172,'/http://i5.chuimg.com/ee6d4f0f0a68494dbcbc14263b416628_4032w_3024h.jpg'),(385,'4','炸土豆，炸五分钟左右。',172,'/http://i5.chuimg.com/265297e95c8f439c8677d82fddaf76c4_4032w_3024h.jpg'),(386,'5','炸年糕，两三分钟即可。',172,'/http://i5.chuimg.com/63d94d8cf2e1423e87922897e4064ed5_4032w_3024h.jpg'),(387,'6','鸡翅块提前用盐腌一下，然后加入一点淀粉搅拌一下，入锅炸至金黄。',172,'/http://i5.chuimg.com/b96cd97acf7a4f4e91c5aa8e3f059283_4032w_3024h.jpg'),(388,'7','最后炸虾，虾虾也需要提前用淀粉拌一拌，炸至表皮酥脆。',172,'/http://i5.chuimg.com/67dab6570dd549cf838c6f3d27b95fa4_4032w_3024h.jpg'),(389,'8','起锅，加一点油，放入大葱，干辣椒，香叶，花椒，洋葱和麻辣香锅调料，再加一大勺生抽让颜色更好看一点同时提鲜，再炒香。',172,'/http://i5.chuimg.com/5dc3f002de00482f8e34c297adc5ee05_1280w_1023h.jpg'),(390,'9','加入炸好的食材炒匀。',172,'/http://i1.chuimg.com/01595acb27c249ac84602102d7c737f9_1280w_1023h.jpg'),(391,'10','没有盘子装得下，就先装锅里吧，撒上芝麻和香菜叶装饰一下，这么多四个人吃刚好。',172,'/http://i5.chuimg.com/7935249f23284b6c95ad4397da40f677_4032w_3024h.jpg'),(392,'11','虾虾来跟大家打个招呼。',172,'/http://i5.chuimg.com/98ef64d23ba74c56953d44eaa8a76b45_3024w_4032h.jpg'),(393,'12','年糕也来打招呼了。',172,'/http://i5.chuimg.com/6eda5086b1114e5f9b3952450d570153_3024w_4032h.jpg'),(394,'13','为藕片欢呼。',172,'/http://i5.chuimg.com/9316f6172c5542e5906ce26a54910a21_3024w_4032h.jpg'),(395,'14','炸过的鸡翅嫩嫩的，贼好吃。',172,'/http://i5.chuimg.com/6ebf098ee53a43ab8e3f9bf3114276b5_3024w_4032h.jpg'),(396,'15','再来一盘凉拌黄瓜，酸辣开胃。',172,'/http://i5.chuimg.com/39b85dbc9a8441de93fad633ac5fb387_4032w_3024h.jpg'),(397,'16','举杯欢庆啊朋友们！',172,'/http://i5.chuimg.com/d6f8f91f2139411d90a7ae2fd8f5445f_4032w_3024h.jpg'),(400,'1','…这也太好吃了吧～',176,'recipes/8c4221fa370746f2bdd7442a0321dd78_4033w_3024h.jpg'),(401,'1','牛肉清洗后切条放入碗中准备腌制',177,'recipes/2b0bb53d86ff4067b46da042645abf38_684w_912h.jpg'),(402,'2','加适量食盐，用手抓至牛肉表面干燥略发粘，分两次加入少许清水，每一次都抓至水分被牛肉完全吸收',177,'recipes/19759e0d056d437a99ec98d436798ed4_684w_912h.jpg'),(403,'3','加入适量淀粉，抓匀',177,'recipes/8a07258157334fff900af204d8636b0f_684w_912h.jpg'),(404,'4','加入适量食用油锁住味道和水分，静止腌制10分钟以上',177,'recipes/fb21fe725c6a46188fd93aca9dee0db6_912w_684h.jpg'),(405,'5','洋葱切碎备用',177,'recipes/d482d219a2af4628be5d57b42d97fc69_912w_684h.jpg'),(406,'6','国内倒油温度还不太热时下去腌制好的肉丝',177,'recipes/baa8a51a0918471a8b9a543cb5de70db_684w_912h.jpg'),(407,'7','牛肉变色后加入少量生抽，老抽，胡椒粉',177,'recipes/2bd39f6fa0614ef987080bde3c0bb5b6_684w_912h.jpg'),(408,'8','放入洋葱煸炒至变软',177,'recipes/929d6f91dee441dd9b3de8c0be130b41_684w_912h.jpg'),(409,'9','盛出装盘',177,'recipes/d4905de393724383ad6a72029374de3a_912w_684h.jpg'),(410,'1','真的超级好吃……',178,'recipes/506bbf9457ab48d98af2d3793d447e0e_1500w_1124h.jpg'),(411,'2','调酱汁：1勺生抽，1勺蚝油，半勺老抽，适量白糖，1勺淀粉，半碗清水，搅拌均匀备用',178,'recipes/4e557cf70f7e431d895a4e03985995c0_1124w_1124h.jpg'),(412,'1','土豆去皮切成均匀的片状',180,'recipes/779e6afdf81b4503aa44b245da38e197_371w_499h.jpg'),(413,'2','锅中加入适量清水水开放入切好的土豆片焯熟捞出过冷水',180,'recipes/2f319f86b8da4f3580101af76a912bed_373w_499h.jpg'),(414,'3','过凉水的土豆片控干水分撒上一层干淀粉',180,'recipes/e4b00c355c6e4404a34297d5fd53a2d1_373w_499h.jpg'),(415,'4','锅中加入适量的食用油油温6成热放入土豆片炸至金黄酥脆捞出',180,'recipes/5f911639ecf64a7cb76340447c06d7db_373w_502h.jpg'),(416,'5','锅中再次加入少许食用油，然后放入小米辣、蒜、香辣酱、生抽、蚝油、翻炒出香味后放入炸好的土豆片、孜然、辣椒面、芝麻、翻炒均匀即可出锅',180,'recipes/9644654fe1624cb9819ab21f223a5608_373w_502h.jpg'),(417,'6','最后撒点葱花，简单又美味的香辣土豆片就制作完成啦！',180,'recipes/0281837afa5343f884dcf3d51b9bcdcc_371w_503h.jpg'),(418,'1','两个大鸡腿洗干净',183,'recipes/4764487f406c4ea6abf40fda72477c00_926w_741h.jpg'),(419,'2','凉水下锅，加姜片 葱段 盐，煮20分钟',183,'recipes/6540ca8c503341b7b04b507c3ac60361_1000w_1000h.jpg'),(420,'3','趁煮鸡肉的空隙来准备腌料，生抽、香醋、小米辣、蒜蓉、香菜、柠檬、盐 糖、鸡精，香油',183,'recipes/f9158a112e8949eb8062a0da9c6682fb_1124w_1124h.jpg'),(421,'4','煮好的鸡肉放凉撕碎',183,'recipes/f88ed2f3f1124d21a86271e4bc3a2df8_1124w_1124h.jpg'),(422,'5','把腌料倒进去拌匀',183,'recipes/c08fdafa980e48e2882490fae946b23c_1124w_1124h.jpg'),(423,'6','最后撒上熟芝麻 会更香～做好最好放冰箱冷藏几个小时再吃 更入味～',183,'recipes/deebcb476e8347aeb0ac2047c5859c62_1124w_1124h.jpg'),(424,'1','茄子去皮切大小均匀的方块蒸5分钟',185,'recipes/0a72e080c01d447eb9726e28e8fd9768_742w_888h.jpg'),(425,'2','葱姜蒜红绿椒切碎备用',185,'recipes/9e17082e03a14a42b9c6ed81fe618872_751w_600h.jpg'),(426,'3','碗里倒入生抽，老抽，白糖，盐，淀粉，醋各一勺，加点水搅拌均匀',185,'recipes/bf6b7e7acd91420c874c7e366006291e_750w_750h.jpg'),(427,'4','热锅热油，下肉末翻炒断生后放入葱姜蒜青红椒翻炒均匀，再加入蒸好的茄子翻炒均匀',185,'recipes/67055ce0b6574662a832395c8965b3fc_720w_902h.jpg'),(428,'5','调好的酱汁倒进去翻炒一分钟左右就可以出锅啦！',185,'recipes/163a3fac393448399a29a274d88d488f_750w_937h.jpg'),(429,'6','很下饭哦！',185,'recipes/b7416eda4a9c485daa5a4e2046dbb772_750w_600h.jpg'),(430,'1','煮饭时淘好米后，加少点水用手轻搓一下米，倒出半大碗备用。',187,'recipes/4ab47e7133c04e0294b4e5595c13668b_3024w_4032h.jpg'),(431,'2','大碗里打入5个小的土鸡蛋（老家土鸡蛋很小，超市的鸡蛋4个就行），加入半勺盐，用筷子搅拌均匀，加入米饭碗满满1碗之前准备的淘米水轻轻拌匀。封好保鲜膜用牙签扎几个洞。',187,'recipes/d2d12af06beb465d99ea6074dbb3e362_480w_384h.jpg'),(432,'3','蒸锅加入水大火，水开后调成中火蒸15分钟，关火焖5分钟。这是成品。',187,'recipes/8ceafe07e467433d9912719456a71072_2999w_3998h.jpg'),(433,'4','想吃肉沫味的，先炒熟各种味的肉沫，关火的时候倒进去焖5分钟。不喜欢盐的可以不放，蒸好倒入酱油或者生抽。',187,'recipes/576c0765c701461a9f3e3d54be3c708e_2999w_3998h.jpg'),(434,'5','人少或者孩子的量：土鸡蛋3个（或者超市的鸡蛋挑大个的2个），淘米水半小碗，水开后大火蒸5分钟，焖3分钟。',187,'recipes/f7cadecea61d4424a44db08e481e88b5_480w_384h.jpg'),(435,'1','包菜用手撕成大块 一片叶子一分为二最佳 放入水中待用  要用的时候再沥干水分',188,'recipes/561326a5928049c0877b90ed6e90f485_810w_1080h.jpg'),(436,'2','准备好蒜跟干辣椒 蒜不用切那么细 粗一点更好',188,'recipes/2cc0701ae8db4a239d83b70e94b87344_992w_744h.jpg'),(437,'3','碗里加入1勺生抽 2勺蒸鱼豉油  1勺蚝油 适量鸡精搅拌均匀',188,'recipes/78c45b61c6524f1384c2ea5bd03fef2f_1080w_810h.jpg'),(438,'4','起锅烧油 加入蒜粒干辣椒爆香（个人比较喜欢丢几颗麻椒增香）',188,'recipes/704ba40c73bd44998eec3ef42a31e121_810w_1080h.jpg'),(439,'5','将沥干水分的包菜放入锅中翻炒 全程大火 20秒钟后加入勾兑好的芡汁倒入锅中继续翻炒 大约1分钟不到就可以出锅了 千万别太久 不然就不脆了 （喜欢吃酸的可以适当加点醋）',188,'recipes/1e6f7e54011643c18ba479e2d2b584f9_810w_1080h.jpg'),(440,'6','出锅 色香味俱全～等着掌声吧～',188,'recipes/599637e4ca8149ec92b7906ef918b636_1080w_810h.jpg'),(441,'1','调一碗料汁：碗里加一勺蒜末，两勺生抽，一勺蚝油，半匙食盐，半匙白糖，半勺淀粉、三勺水混合备用。',190,'recipes/b458755abae6445f86a226e1bf35b364_1124w_1500h.jpg'),(442,'2','准备食材：豆腐切块，鸡蛋一个，淀粉适量',190,'recipes/595fb323c9a244a0b6b20f6ec8c06162_1500w_1124h.jpg'),(443,'3','豆腐先裹一层淀粉',190,'recipes/97bf3eaf72d94b76bbebdad945032f20_1124w_1500h.jpg'),(444,'4','再裹上一层鸡蛋液',190,'recipes/0bb2790efaae4481bb964018f83a8d25_1124w_1500h.jpg'),(445,'1','食材准备:  豆腐不要太多，半块足够，记得是嫩豆腐，海鲜菇切成段',191,'recipes/40620fa92fa348f39a9f83b2a5ca966f_912w_684h.jpg'),(446,'1','准备好所有食材。虾洗净，开背；鸡翅切块；年糕沸水焯熟，过凉水备用；莴笋和藕切片；土豆切条；洋葱切块。',193,'recipes/3c76d05e19a147a4b730df4fc74c1a82_1280w_1023h.jpg'),(447,'2','起锅烧油，直到插入筷子，筷子周围产生密集的小气泡即可。',193,'recipes/f480aa2c423c44dca8f6742e300fea61_480w_384h.jpg'),(448,'3','炸莴笋和藕，大概四五分钟。',193,'recipes/ee6d4f0f0a68494dbcbc14263b416628_4032w_3024h.jpg'),(449,'4','炸土豆，炸五分钟左右。',193,'recipes/265297e95c8f439c8677d82fddaf76c4_4032w_3024h.jpg'),(450,'5','炸年糕，两三分钟即可。',193,'recipes/63d94d8cf2e1423e87922897e4064ed5_4032w_3024h.jpg'),(451,'6','鸡翅块提前用盐腌一下，然后加入一点淀粉搅拌一下，入锅炸至金黄。',193,'recipes/b96cd97acf7a4f4e91c5aa8e3f059283_4032w_3024h.jpg'),(452,'7','最后炸虾，虾虾也需要提前用淀粉拌一拌，炸至表皮酥脆。',193,'recipes/67dab6570dd549cf838c6f3d27b95fa4_4032w_3024h.jpg'),(453,'8','起锅，加一点油，放入大葱，干辣椒，香叶，花椒，洋葱和麻辣香锅调料，再加一大勺生抽让颜色更好看一点同时提鲜，再炒香。',193,'recipes/5dc3f002de00482f8e34c297adc5ee05_1280w_1023h.jpg'),(454,'9','加入炸好的食材炒匀。',193,'recipes/01595acb27c249ac84602102d7c737f9_1280w_1023h.jpg'),(455,'10','没有盘子装得下，就先装锅里吧，撒上芝麻和香菜叶装饰一下，这么多四个人吃刚好。',193,'recipes/7935249f23284b6c95ad4397da40f677_4032w_3024h.jpg'),(456,'11','虾虾来跟大家打个招呼。',193,'recipes/98ef64d23ba74c56953d44eaa8a76b45_3024w_4032h.jpg'),(457,'12','年糕也来打招呼了。',193,'recipes/6eda5086b1114e5f9b3952450d570153_3024w_4032h.jpg'),(458,'13','为藕片欢呼。',193,'recipes/9316f6172c5542e5906ce26a54910a21_3024w_4032h.jpg'),(459,'14','炸过的鸡翅嫩嫩的，贼好吃。',193,'recipes/6ebf098ee53a43ab8e3f9bf3114276b5_3024w_4032h.jpg'),(460,'15','再来一盘凉拌黄瓜，酸辣开胃。',193,'recipes/39b85dbc9a8441de93fad633ac5fb387_4032w_3024h.jpg'),(461,'16','举杯欢庆啊朋友们！',193,'recipes/d6f8f91f2139411d90a7ae2fd8f5445f_4032w_3024h.jpg'),(472,'1','鸡胸肉切片。',196,'recipes/9bdcb88d25054b3d89feb1c2034af175_750w_1000h.jpg'),(473,'2','鸡胸肉放盐、糖、黑胡椒、淀粉、水抓匀备用。',196,'recipes/d7695161d94f4f4c83df835ffde9f2c8_750w_1000h.jpg'),(474,'3','杏鲍菇切片。',196,'recipes/1588ad140e4d4117809e7f4b98834f5f_750w_1000h.jpg'),(475,'4','洋葱、胡萝卜、青椒切片。',196,'recipes/5793c4a05ba74f2ab9dccf6ab244d326_750w_1000h.jpg'),(476,'5','蒜切碎。',196,'recipes/eb88a0e36f8e47dd8c023047cbb661d6_750w_1000h.jpg'),(477,'6','碗里放盐、糖、蚝油、生抽、香油、淀粉和少量清水调成酱汁。',196,'recipes/26aa19e7d4fa44029cbcf41cc13bcee5_750w_1000h.jpg'),(478,'7','锅里油热倒入杏鲍菇炒熟。',196,'recipes/428b65f76d084e30b394f2321548ae27_750w_1000h.jpg'),(479,'8','盛出备用。',196,'recipes/7ca2ad901e214d45b6e9d42e92b53459_750w_1000h.jpg'),(480,'9','锅里油热倒入鸡肉炒熟。',196,'recipes/f99ce29a25524e5d82160c5bf0b13f5c_750w_1000h.jpg'),(481,'10','盛出备用。',196,'recipes/ef7a4defc1e64b5191cae4729d97dc69_750w_1000h.jpg'),(482,'11','油热炒香蒜末，倒入其他配料炒匀，炒一会。',196,'recipes/354dcdbb48c84e74959418fb0f6e0542_624w_832h.jpg'),(483,'12','倒入鸡肉翻炒均匀。',196,'recipes/1c473feb77154d02b0b88071e98dd31b_750w_1000h.jpg'),(484,'13','倒入调好的酱汁翻炒均匀即可。',196,'recipes/6307ce29b93d4ee5af8466b9fd3246af_750w_1000h.jpg'),(485,'1','调一碗料汁：碗里加一勺蒜末，两勺生抽，一勺蚝油，半匙食盐，半匙白糖，半勺淀粉、三勺水混合备用。',200,'recipes/b458755abae6445f86a226e1bf35b364_1124w_1500h.jpg'),(486,'2','准备食材：豆腐切块，鸡蛋一个，淀粉适量',200,'recipes/595fb323c9a244a0b6b20f6ec8c06162_1500w_1124h.jpg'),(487,'3','豆腐先裹一层淀粉',200,'recipes/97bf3eaf72d94b76bbebdad945032f20_1124w_1500h.jpg'),(488,'4','再裹上一层鸡蛋液',200,'recipes/0bb2790efaae4481bb964018f83a8d25_1124w_1500h.jpg'),(489,'1','包菜用手撕成大块 一片叶子一分为二最佳 放入水中待用  要用的时候再沥干水分',202,'recipes/561326a5928049c0877b90ed6e90f485_810w_1080h.jpg'),(490,'2','准备好蒜跟干辣椒 蒜不用切那么细 粗一点更好',202,'recipes/2cc0701ae8db4a239d83b70e94b87344_992w_744h.jpg'),(491,'3','碗里加入1勺生抽 2勺蒸鱼豉油  1勺蚝油 适量鸡精搅拌均匀',202,'recipes/78c45b61c6524f1384c2ea5bd03fef2f_1080w_810h.jpg'),(492,'4','起锅烧油 加入蒜粒干辣椒爆香（个人比较喜欢丢几颗麻椒增香）',202,'recipes/704ba40c73bd44998eec3ef42a31e121_810w_1080h.jpg'),(493,'5','将沥干水分的包菜放入锅中翻炒 全程大火 20秒钟后加入勾兑好的芡汁倒入锅中继续翻炒 大约1分钟不到就可以出锅了 千万别太久 不然就不脆了 （喜欢吃酸的可以适当加点醋）',202,'recipes/1e6f7e54011643c18ba479e2d2b584f9_810w_1080h.jpg'),(494,'6','出锅 色香味俱全～等着掌声吧～',202,'recipes/599637e4ca8149ec92b7906ef918b636_1080w_810h.jpg'),(495,'1','准备好所有食材。虾洗净，开背；鸡翅切块；年糕沸水焯熟，过凉水备用；莴笋和藕切片；土豆切条；洋葱切块。',203,'recipes/3c76d05e19a147a4b730df4fc74c1a82_1280w_1023h.jpg'),(496,'2','起锅烧油，直到插入筷子，筷子周围产生密集的小气泡即可。',203,'recipes/f480aa2c423c44dca8f6742e300fea61_480w_384h.jpg'),(497,'3','炸莴笋和藕，大概四五分钟。',203,'recipes/ee6d4f0f0a68494dbcbc14263b416628_4032w_3024h.jpg'),(498,'4','炸土豆，炸五分钟左右。',203,'recipes/265297e95c8f439c8677d82fddaf76c4_4032w_3024h.jpg'),(499,'5','炸年糕，两三分钟即可。',203,'recipes/63d94d8cf2e1423e87922897e4064ed5_4032w_3024h.jpg'),(500,'6','鸡翅块提前用盐腌一下，然后加入一点淀粉搅拌一下，入锅炸至金黄。',203,'recipes/b96cd97acf7a4f4e91c5aa8e3f059283_4032w_3024h.jpg'),(501,'7','最后炸虾，虾虾也需要提前用淀粉拌一拌，炸至表皮酥脆。',203,'recipes/67dab6570dd549cf838c6f3d27b95fa4_4032w_3024h.jpg'),(502,'8','起锅，加一点油，放入大葱，干辣椒，香叶，花椒，洋葱和麻辣香锅调料，再加一大勺生抽让颜色更好看一点同时提鲜，再炒香。',203,'recipes/5dc3f002de00482f8e34c297adc5ee05_1280w_1023h.jpg'),(503,'9','加入炸好的食材炒匀。',203,'recipes/01595acb27c249ac84602102d7c737f9_1280w_1023h.jpg'),(504,'10','没有盘子装得下，就先装锅里吧，撒上芝麻和香菜叶装饰一下，这么多四个人吃刚好。',203,'recipes/7935249f23284b6c95ad4397da40f677_4032w_3024h.jpg'),(505,'11','虾虾来跟大家打个招呼。',203,'recipes/98ef64d23ba74c56953d44eaa8a76b45_3024w_4032h.jpg'),(506,'12','年糕也来打招呼了。',203,'recipes/6eda5086b1114e5f9b3952450d570153_3024w_4032h.jpg'),(507,'13','为藕片欢呼。',203,'recipes/9316f6172c5542e5906ce26a54910a21_3024w_4032h.jpg'),(508,'14','炸过的鸡翅嫩嫩的，贼好吃。',203,'recipes/6ebf098ee53a43ab8e3f9bf3114276b5_3024w_4032h.jpg'),(509,'15','再来一盘凉拌黄瓜，酸辣开胃。',203,'recipes/39b85dbc9a8441de93fad633ac5fb387_4032w_3024h.jpg'),(510,'16','举杯欢庆啊朋友们！',203,'recipes/d6f8f91f2139411d90a7ae2fd8f5445f_4032w_3024h.jpg'),(511,'1','两个大鸡腿洗干净',205,'recipes/4764487f406c4ea6abf40fda72477c00_926w_741h.jpg'),(512,'2','凉水下锅，加姜片 葱段 盐，煮20分钟',205,'recipes/6540ca8c503341b7b04b507c3ac60361_1000w_1000h.jpg'),(513,'3','趁煮鸡肉的空隙来准备腌料，生抽、香醋、小米辣、蒜蓉、香菜、柠檬、盐 糖、鸡精，香油',205,'recipes/f9158a112e8949eb8062a0da9c6682fb_1124w_1124h.jpg'),(514,'4','煮好的鸡肉放凉撕碎',205,'recipes/f88ed2f3f1124d21a86271e4bc3a2df8_1124w_1124h.jpg'),(515,'5','把腌料倒进去拌匀',205,'recipes/c08fdafa980e48e2882490fae946b23c_1124w_1124h.jpg'),(516,'6','最后撒上熟芝麻 会更香～做好最好放冰箱冷藏几个小时再吃 更入味～',205,'recipes/deebcb476e8347aeb0ac2047c5859c62_1124w_1124h.jpg'),(517,'1','…这也太好吃了吧～',206,'recipes/8c4221fa370746f2bdd7442a0321dd78_4033w_3024h.jpg'),(518,'1','真的超级好吃……',209,'recipes/506bbf9457ab48d98af2d3793d447e0e_1500w_1124h.jpg'),(519,'2','调酱汁：1勺生抽，1勺蚝油，半勺老抽，适量白糖，1勺淀粉，半碗清水，搅拌均匀备用',209,'recipes/4e557cf70f7e431d895a4e03985995c0_1124w_1124h.jpg'),(520,'1','茄子去皮切大小均匀的方块蒸5分钟',211,'recipes/0a72e080c01d447eb9726e28e8fd9768_742w_888h.jpg'),(521,'2','葱姜蒜红绿椒切碎备用',211,'recipes/9e17082e03a14a42b9c6ed81fe618872_751w_600h.jpg'),(522,'3','碗里倒入生抽，老抽，白糖，盐，淀粉，醋各一勺，加点水搅拌均匀',211,'recipes/bf6b7e7acd91420c874c7e366006291e_750w_750h.jpg'),(523,'4','热锅热油，下肉末翻炒断生后放入葱姜蒜青红椒翻炒均匀，再加入蒸好的茄子翻炒均匀',211,'recipes/67055ce0b6574662a832395c8965b3fc_720w_902h.jpg'),(524,'5','调好的酱汁倒进去翻炒一分钟左右就可以出锅啦！',211,'recipes/163a3fac393448399a29a274d88d488f_750w_937h.jpg'),(525,'6','很下饭哦！',211,'recipes/b7416eda4a9c485daa5a4e2046dbb772_750w_600h.jpg'),(526,'1','食材准备:  豆腐不要太多，半块足够，记得是嫩豆腐，海鲜菇切成段',213,'recipes/40620fa92fa348f39a9f83b2a5ca966f_912w_684h.jpg'),(527,'1','牛肉切好',214,'recipes/0c3c4cff889c4f1b9377c6f584811939_1172w_938h.jpg'),(528,'2','加入一点点水（也可不加）、胡椒粉、蚝油、生抽、油、玉米淀粉（淀粉一点点加入别一次加太多）用手抓拌均匀 这样比较入味',214,'recipes/1c6d1101258a49c399352ba319867d17_1280w_1024h.jpg'),(529,'1','土豆去皮切成均匀的片状',215,'recipes/779e6afdf81b4503aa44b245da38e197_371w_499h.jpg'),(530,'2','锅中加入适量清水水开放入切好的土豆片焯熟捞出过冷水',215,'recipes/2f319f86b8da4f3580101af76a912bed_373w_499h.jpg'),(531,'3','过凉水的土豆片控干水分撒上一层干淀粉',215,'recipes/e4b00c355c6e4404a34297d5fd53a2d1_373w_499h.jpg'),(532,'4','锅中加入适量的食用油油温6成热放入土豆片炸至金黄酥脆捞出',215,'recipes/5f911639ecf64a7cb76340447c06d7db_373w_502h.jpg'),(533,'5','锅中再次加入少许食用油，然后放入小米辣、蒜、香辣酱、生抽、蚝油、翻炒出香味后放入炸好的土豆片、孜然、辣椒面、芝麻、翻炒均匀即可出锅',215,'recipes/9644654fe1624cb9819ab21f223a5608_373w_502h.jpg'),(534,'6','最后撒点葱花，简单又美味的香辣土豆片就制作完成啦！',215,'recipes/0281837afa5343f884dcf3d51b9bcdcc_371w_503h.jpg'),(535,'1','真的超级好吃……',216,'recipes/506bbf9457ab48d98af2d3793d447e0e_1500w_1124h.jpg'),(536,'2','调酱汁：1勺生抽，1勺蚝油，半勺老抽，适量白糖，1勺淀粉，半碗清水，搅拌均匀备用',216,'recipes/4e557cf70f7e431d895a4e03985995c0_1124w_1124h.jpg'),(537,'1','土豆去皮切成均匀的片状',218,'recipes/779e6afdf81b4503aa44b245da38e197_371w_499h.jpg'),(538,'2','锅中加入适量清水水开放入切好的土豆片焯熟捞出过冷水',218,'recipes/2f319f86b8da4f3580101af76a912bed_373w_499h.jpg'),(539,'3','过凉水的土豆片控干水分撒上一层干淀粉',218,'recipes/e4b00c355c6e4404a34297d5fd53a2d1_373w_499h.jpg'),(540,'4','锅中加入适量的食用油油温6成热放入土豆片炸至金黄酥脆捞出',218,'recipes/5f911639ecf64a7cb76340447c06d7db_373w_502h.jpg'),(541,'5','锅中再次加入少许食用油，然后放入小米辣、蒜、香辣酱、生抽、蚝油、翻炒出香味后放入炸好的土豆片、孜然、辣椒面、芝麻、翻炒均匀即可出锅',218,'recipes/9644654fe1624cb9819ab21f223a5608_373w_502h.jpg'),(542,'6','最后撒点葱花，简单又美味的香辣土豆片就制作完成啦！',218,'recipes/0281837afa5343f884dcf3d51b9bcdcc_371w_503h.jpg'),(543,'1','两个大鸡腿洗干净',221,'recipes/4764487f406c4ea6abf40fda72477c00_926w_741h.jpg'),(544,'2','凉水下锅，加姜片 葱段 盐，煮20分钟',221,'recipes/6540ca8c503341b7b04b507c3ac60361_1000w_1000h.jpg'),(545,'3','趁煮鸡肉的空隙来准备腌料，生抽、香醋、小米辣、蒜蓉、香菜、柠檬、盐 糖、鸡精，香油',221,'recipes/f9158a112e8949eb8062a0da9c6682fb_1124w_1124h.jpg'),(546,'4','煮好的鸡肉放凉撕碎',221,'recipes/f88ed2f3f1124d21a86271e4bc3a2df8_1124w_1124h.jpg'),(547,'5','把腌料倒进去拌匀',221,'recipes/c08fdafa980e48e2882490fae946b23c_1124w_1124h.jpg'),(548,'6','最后撒上熟芝麻 会更香～做好最好放冰箱冷藏几个小时再吃 更入味～',221,'recipes/deebcb476e8347aeb0ac2047c5859c62_1124w_1124h.jpg'),(549,'1','牛肉切好',223,'recipes/0c3c4cff889c4f1b9377c6f584811939_1172w_938h.jpg'),(550,'2','加入一点点水（也可不加）、胡椒粉、蚝油、生抽、油、玉米淀粉（淀粉一点点加入别一次加太多）用手抓拌均匀 这样比较入味',223,'recipes/1c6d1101258a49c399352ba319867d17_1280w_1024h.jpg'),(551,'1','茄子去皮切大小均匀的方块蒸5分钟',224,'recipes/0a72e080c01d447eb9726e28e8fd9768_742w_888h.jpg'),(552,'2','葱姜蒜红绿椒切碎备用',224,'recipes/9e17082e03a14a42b9c6ed81fe618872_751w_600h.jpg'),(553,'3','碗里倒入生抽，老抽，白糖，盐，淀粉，醋各一勺，加点水搅拌均匀',224,'recipes/bf6b7e7acd91420c874c7e366006291e_750w_750h.jpg'),(554,'4','热锅热油，下肉末翻炒断生后放入葱姜蒜青红椒翻炒均匀，再加入蒸好的茄子翻炒均匀',224,'recipes/67055ce0b6574662a832395c8965b3fc_720w_902h.jpg'),(555,'5','调好的酱汁倒进去翻炒一分钟左右就可以出锅啦！',224,'recipes/163a3fac393448399a29a274d88d488f_750w_937h.jpg'),(556,'6','很下饭哦！',224,'recipes/b7416eda4a9c485daa5a4e2046dbb772_750w_600h.jpg'),(557,'1','调一碗料汁：碗里加一勺蒜末，两勺生抽，一勺蚝油，半匙食盐，半匙白糖，半勺淀粉、三勺水混合备用。',225,'recipes/b458755abae6445f86a226e1bf35b364_1124w_1500h.jpg'),(558,'2','准备食材：豆腐切块，鸡蛋一个，淀粉适量',225,'recipes/595fb323c9a244a0b6b20f6ec8c06162_1500w_1124h.jpg'),(559,'3','豆腐先裹一层淀粉',225,'recipes/97bf3eaf72d94b76bbebdad945032f20_1124w_1500h.jpg'),(560,'4','再裹上一层鸡蛋液',225,'recipes/0bb2790efaae4481bb964018f83a8d25_1124w_1500h.jpg'),(561,'1','…这也太好吃了吧～',226,'recipes/8c4221fa370746f2bdd7442a0321dd78_4033w_3024h.jpg'),(562,'1','食材准备:  豆腐不要太多，半块足够，记得是嫩豆腐，海鲜菇切成段',227,'recipes/40620fa92fa348f39a9f83b2a5ca966f_912w_684h.jpg'),(563,'1','包菜用手撕成大块 一片叶子一分为二最佳 放入水中待用  要用的时候再沥干水分',230,'recipes/561326a5928049c0877b90ed6e90f485_810w_1080h.jpg'),(564,'2','准备好蒜跟干辣椒 蒜不用切那么细 粗一点更好',230,'recipes/2cc0701ae8db4a239d83b70e94b87344_992w_744h.jpg'),(565,'3','碗里加入1勺生抽 2勺蒸鱼豉油  1勺蚝油 适量鸡精搅拌均匀',230,'recipes/78c45b61c6524f1384c2ea5bd03fef2f_1080w_810h.jpg'),(566,'4','起锅烧油 加入蒜粒干辣椒爆香（个人比较喜欢丢几颗麻椒增香）',230,'recipes/704ba40c73bd44998eec3ef42a31e121_810w_1080h.jpg'),(567,'5','将沥干水分的包菜放入锅中翻炒 全程大火 20秒钟后加入勾兑好的芡汁倒入锅中继续翻炒 大约1分钟不到就可以出锅了 千万别太久 不然就不脆了 （喜欢吃酸的可以适当加点醋）',230,'recipes/1e6f7e54011643c18ba479e2d2b584f9_810w_1080h.jpg'),(568,'6','出锅 色香味俱全～等着掌声吧～',230,'recipes/599637e4ca8149ec92b7906ef918b636_1080w_810h.jpg'),(569,'1','准备好所有食材。虾洗净，开背；鸡翅切块；年糕沸水焯熟，过凉水备用；莴笋和藕切片；土豆切条；洋葱切块。',232,'recipes/3c76d05e19a147a4b730df4fc74c1a82_1280w_1023h.jpg'),(570,'2','起锅烧油，直到插入筷子，筷子周围产生密集的小气泡即可。',232,'recipes/f480aa2c423c44dca8f6742e300fea61_480w_384h.jpg'),(571,'3','炸莴笋和藕，大概四五分钟。',232,'recipes/ee6d4f0f0a68494dbcbc14263b416628_4032w_3024h.jpg'),(572,'4','炸土豆，炸五分钟左右。',232,'recipes/265297e95c8f439c8677d82fddaf76c4_4032w_3024h.jpg'),(573,'5','炸年糕，两三分钟即可。',232,'recipes/63d94d8cf2e1423e87922897e4064ed5_4032w_3024h.jpg'),(574,'6','鸡翅块提前用盐腌一下，然后加入一点淀粉搅拌一下，入锅炸至金黄。',232,'recipes/b96cd97acf7a4f4e91c5aa8e3f059283_4032w_3024h.jpg'),(575,'7','最后炸虾，虾虾也需要提前用淀粉拌一拌，炸至表皮酥脆。',232,'recipes/67dab6570dd549cf838c6f3d27b95fa4_4032w_3024h.jpg'),(576,'8','起锅，加一点油，放入大葱，干辣椒，香叶，花椒，洋葱和麻辣香锅调料，再加一大勺生抽让颜色更好看一点同时提鲜，再炒香。',232,'recipes/5dc3f002de00482f8e34c297adc5ee05_1280w_1023h.jpg'),(577,'9','加入炸好的食材炒匀。',232,'recipes/01595acb27c249ac84602102d7c737f9_1280w_1023h.jpg'),(578,'10','没有盘子装得下，就先装锅里吧，撒上芝麻和香菜叶装饰一下，这么多四个人吃刚好。',232,'recipes/7935249f23284b6c95ad4397da40f677_4032w_3024h.jpg'),(579,'11','虾虾来跟大家打个招呼。',232,'recipes/98ef64d23ba74c56953d44eaa8a76b45_3024w_4032h.jpg'),(580,'12','年糕也来打招呼了。',232,'recipes/6eda5086b1114e5f9b3952450d570153_3024w_4032h.jpg'),(581,'13','为藕片欢呼。',232,'recipes/9316f6172c5542e5906ce26a54910a21_3024w_4032h.jpg'),(582,'14','炸过的鸡翅嫩嫩的，贼好吃。',232,'recipes/6ebf098ee53a43ab8e3f9bf3114276b5_3024w_4032h.jpg'),(583,'15','再来一盘凉拌黄瓜，酸辣开胃。',232,'recipes/39b85dbc9a8441de93fad633ac5fb387_4032w_3024h.jpg'),(584,'16','举杯欢庆啊朋友们！',232,'recipes/d6f8f91f2139411d90a7ae2fd8f5445f_4032w_3024h.jpg'),(585,'1','鸡胸肉切片。',233,'recipes/9bdcb88d25054b3d89feb1c2034af175_750w_1000h.jpg'),(586,'2','鸡胸肉放盐、糖、黑胡椒、淀粉、水抓匀备用。',233,'recipes/d7695161d94f4f4c83df835ffde9f2c8_750w_1000h.jpg'),(587,'3','杏鲍菇切片。',233,'recipes/1588ad140e4d4117809e7f4b98834f5f_750w_1000h.jpg'),(588,'4','洋葱、胡萝卜、青椒切片。',233,'recipes/5793c4a05ba74f2ab9dccf6ab244d326_750w_1000h.jpg'),(589,'5','蒜切碎。',233,'recipes/eb88a0e36f8e47dd8c023047cbb661d6_750w_1000h.jpg'),(590,'6','碗里放盐、糖、蚝油、生抽、香油、淀粉和少量清水调成酱汁。',233,'recipes/26aa19e7d4fa44029cbcf41cc13bcee5_750w_1000h.jpg'),(591,'7','锅里油热倒入杏鲍菇炒熟。',233,'recipes/428b65f76d084e30b394f2321548ae27_750w_1000h.jpg'),(592,'8','盛出备用。',233,'recipes/7ca2ad901e214d45b6e9d42e92b53459_750w_1000h.jpg'),(593,'9','锅里油热倒入鸡肉炒熟。',233,'recipes/f99ce29a25524e5d82160c5bf0b13f5c_750w_1000h.jpg'),(594,'10','盛出备用。',233,'recipes/ef7a4defc1e64b5191cae4729d97dc69_750w_1000h.jpg'),(595,'11','油热炒香蒜末，倒入其他配料炒匀，炒一会。',233,'recipes/354dcdbb48c84e74959418fb0f6e0542_624w_832h.jpg'),(596,'12','倒入鸡肉翻炒均匀。',233,'recipes/1c473feb77154d02b0b88071e98dd31b_750w_1000h.jpg'),(597,'13','倒入调好的酱汁翻炒均匀即可。',233,'recipes/6307ce29b93d4ee5af8466b9fd3246af_750w_1000h.jpg');
/*!40000 ALTER TABLE `recipe_recipestep` ENABLE KEYS */;
UNLOCK TABLES;

--
-- Table structure for table `recipe_taste`
--

DROP TABLE IF EXISTS `recipe_taste`;
/*!40101 SET @saved_cs_client     = @@character_set_client */;
/*!50503 SET character_set_client = utf8mb4 */;
CREATE TABLE `recipe_taste` (
  `id` int(11) NOT NULL AUTO_INCREMENT,
  `tastename` varchar(32) NOT NULL,
  `remark` varchar(255) NOT NULL,
  PRIMARY KEY (`id`)
) ENGINE=InnoDB AUTO_INCREMENT=12 DEFAULT CHARSET=utf8;
/*!40101 SET character_set_client = @saved_cs_client */;

--
-- Dumping data for table `recipe_taste`
--

LOCK TABLES `recipe_taste` WRITE;
/*!40000 ALTER TABLE `recipe_taste` DISABLE KEYS */;
INSERT INTO `recipe_taste` VALUES (1,'咸鲜','又咸又鲜'),(2,'家常','普通常见的'),(3,'香辣','又香又辣'),(4,'酸辣','又酸又辣'),(5,'麻辣','又麻又辣'),(6,'原味','原味'),(7,'清淡','清淡的'),(8,'葱香','葱香'),(9,'酱香','酱香的'),(10,'孜然','好'),(11,'其他','不在以上分类的');
/*!40000 ALTER TABLE `recipe_taste` ENABLE KEYS */;
UNLOCK TABLES;

--
-- Table structure for table `recipe_videos`
--

DROP TABLE IF EXISTS `recipe_videos`;
/*!40101 SET @saved_cs_client     = @@character_set_client */;
/*!50503 SET character_set_client = utf8mb4 */;
CREATE TABLE `recipe_videos` (
  `id` int(11) NOT NULL AUTO_INCREMENT,
  `title` varchar(128) NOT NULL,
  `desc` varchar(255) DEFAULT NULL,
  `video` varchar(100) NOT NULL,
  `cover` varchar(100) NOT NULL,
  `view_count` int(10) unsigned NOT NULL,
  `create_time` datetime(6) NOT NULL,
  `user_id` int(11) NOT NULL,
  PRIMARY KEY (`id`),
  KEY `recipe_videos_user_id_9edae1f9_fk_userinfo_id` (`user_id`),
  CONSTRAINT `recipe_videos_user_id_9edae1f9_fk_userinfo_id` FOREIGN KEY (`user_id`) REFERENCES `userinfo` (`id`)
) ENGINE=InnoDB AUTO_INCREMENT=5 DEFAULT CHARSET=utf8;
/*!40101 SET character_set_client = @saved_cs_client */;

--
-- Dumping data for table `recipe_videos`
--

LOCK TABLES `recipe_videos` WRITE;
/*!40000 ALTER TABLE `recipe_videos` DISABLE KEYS */;
INSERT INTO `recipe_videos` VALUES (1,'梧州情歌','带你领略不一样的梧州','videos/1/20191127_梧州情歌.mp4','videos/1/coverPic/20191127_QQ截图20191127224346.jpg',44,'2019-11-27 22:44:05.154467',1),(2,'梧州宝石节','带你领略不一样的梧州','videos/12/20191202_智能珠宝.mp4','videos/12/coverPic/20191202_QQ截图20191202115434.jpg',6,'2019-12-02 11:54:51.204168',12),(3,'西江明珠，龙腾梧州','央视《记住乡愁》梧州','videos/1/20191203_央视《记住乡愁》梧州骑楼历史文化街区——握手楼里看中和.mp4','videos/1/coverPic/20191203_QQ截图20191203231433.jpg',19,'2019-12-03 23:14:55.744721',1),(4,'握手楼里看中和','央视《记住乡愁》梧州骑楼历史文化街区——握手楼里看中和','videos/1/20191203_梧州形象宣传片.mp4','videos/1/coverPic/20191203_QQ图片20191203233336.png',3,'2019-12-03 23:32:30.628145',1);
/*!40000 ALTER TABLE `recipe_videos` ENABLE KEYS */;
UNLOCK TABLES;

--
-- Table structure for table `store_stores`
--

DROP TABLE IF EXISTS `store_stores`;
/*!40101 SET @saved_cs_client     = @@character_set_client */;
/*!50503 SET character_set_client = utf8mb4 */;
CREATE TABLE `store_stores` (
  `id` int(11) NOT NULL AUTO_INCREMENT,
  `name` varchar(64) NOT NULL,
  `tabstract` varchar(255) DEFAULT NULL,
  `introduction` longtext NOT NULL,
  `discount` varchar(200) DEFAULT NULL,
  `address` varchar(255) NOT NULL,
  `phone` varchar(11) NOT NULL,
  `ontime` varchar(128) NOT NULL,
  `longitude` double NOT NULL,
  `latitude` double NOT NULL,
  `img` varchar(100) NOT NULL,
  `total_view` int(10) unsigned NOT NULL,
  PRIMARY KEY (`id`),
  UNIQUE KEY `store_stores_name_d2e6ed66_uniq` (`name`)
) ENGINE=InnoDB AUTO_INCREMENT=19 DEFAULT CHARSET=utf8;
/*!40101 SET character_set_client = @saved_cs_client */;

--
-- Dumping data for table `store_stores`
--

LOCK TABLES `store_stores` WRITE;
/*!40000 ALTER TABLE `store_stores` DISABLE KEYS */;
INSERT INTO `store_stores` VALUES (8,'五福堂龟苓膏','老字号龟苓膏','<p><span style=\"background-color:#ffffff; color:#3f3f3f; font-family:黑体,SimHei; font-size:14px\">五福堂在梧州街坊心目中的地位很高，不输双钱龟苓膏。当热气上火时，总会习惯性点一碗下火去湿。</span><span style=\"background-color:#ffffff; color:#3f3f3f; font-family:黑体,SimHei; font-size:14px\">门店不大，简单又略显陈旧的环境，像极了童年记忆里的糖水店，自带亲切感。</span></p>\r\n\r\n<p><span style=\"background-color:#ffffff; color:#3f3f3f; font-family:黑体,SimHei; font-size:14px\"><img alt=\"\" src=\"/media/stores/2.jpg\" style=\"height:362px; width:650px\" /></span></p>\r\n\r\n<p><img alt=\"\" src=\"/media/stores/1.jpg\" style=\"height:362px; width:650px\" /></p>\r\n\r\n<p><span style=\"background-color:#ffffff; color:#3f3f3f; font-family:黑体,SimHei; font-size:14px\">龟苓膏的吃法也简单、传统，可以加椰奶、蜂蜜等，但更多本地人会选择加糖。</span></p>\r\n\r\n<p><img alt=\"\" src=\"/media/stores/3.jpg\" style=\"height:364px; width:650px\" /></p>\r\n\r\n<p><img alt=\"\" src=\"/media/stores/4.jpg\" style=\"height:365px; width:648px\" /></p>\r\n\r\n<p style=\"margin-left:10px; margin-right:10px\"><span style=\"color:#3f3f3f; font-family:黑体,SimHei; font-size:14px\">除了童年时期，貌似现在商场里能买到的龟苓膏大多都是偏甜口的。</span></p>\r\n\r\n<p style=\"margin-left:10px; margin-right:10px\"><span style=\"color:#3f3f3f; font-family:黑体,SimHei; font-size:14px\">而他们家的龟苓膏，即便加了蜂蜜，一口下去最直观的感受仍是「苦」，对于讲求滋味正宗的吃货来说颇为惊喜了。龟苓膏口感冰凉爽滑，合着蜂蜜再细细嚼，微微回甘，与这炎热的夏天很搭。</span></p>\r\n\r\n<p>&nbsp;</p>\r\n','回馈老客户！12.1-12.12期间每天到店前十名免费吃！','广西壮族自治区梧州市万秀区文化路11号','无','9:30-23:30',23.474095,111.318928,'stores/五福堂龟苓膏/1.jpg',8),(9,'黑芝麻汤圆','一碗就撑的黑芝麻汤圆','<p>梧州人的幸福指数高，「喜欢甜食」大概是原因之一。</p>\r\n\r\n<p><img alt=\"\" src=\"/media/stores/20191117_1.jpg\" style=\"height:363px; width:650px\" /></p>\r\n\r\n<p>把招牌美食当作店名的这间老店，老梧州基本都知道，听说，它也是梧州第一家汤圆店。</p>\r\n\r\n<p>「纯手工制作」是它圈粉一众吃货的原因，从汤圆到芝麻糊均为纯手工制作。</p>\r\n\r\n<p>招牌黑芝麻汤圆皮滑馅香，非常热卖，晚上9点以后基本就卖完了。想吃饭后甜点的， 一定得趁早来。</p>\r\n\r\n<p><img alt=\"\" src=\"/media/stores/20191117_2.jpg\" style=\"height:364px; width:650px\" /></p>\r\n\r\n<p><img alt=\"\" src=\"/media/stores/20191117_3.jpg\" style=\"height:362px; width:649px\" /></p>\r\n\r\n<p>别看碗不大，但汤圆个头不小，内馅塞得饱满，特别顶饱。如果你是吃饱了再来，那只能过过眼瘾了。</p>\r\n\r\n<p><img alt=\"\" src=\"/media/stores/20191117_4.jpg\" style=\"height:433px; width:649px\" /></p>\r\n\r\n<p><img alt=\"\" src=\"/media/stores/20191117_5.jpg\" style=\"height:432px; width:649px\" /></p>\r\n','','广西壮族自治区梧州市万秀区大中路48号富锦大厦1层','2520202','每天8:00-22:00',23.474264,111.315976,'stores/黑芝麻汤圆/1.jpg',1),(10,'醒醒田螺','吃货都知道的醒醒田螺','<p>广西最早期的醒醒田螺就出自梧州，爱撩螺的人基本都听说过它的名字。</p>\r\n\r\n<p>有不少吃货千里迢迢特地跑来梧州，就为了吃它。而在外地工作的梧州人，回家时也会像南宁人吃老友一样，忍不住怀念这个味道。</p>\r\n\r\n<p><img alt=\"\" src=\"/media/stores/20191117_7.jpg\" style=\"height:362px; width:650px\" /></p>\r\n\r\n<p>田螺个头大，卤煮入味但又不失鲜味。小小一碗，价格实惠，不贪多不浪费，吃完可以再续。</p>\r\n','田螺节重磅来袭！每天到店前十免单任吃！','广西壮族自治区梧州市万秀区大中路悦和大厦1层','2520202','每天上午8:00至凌晨1:00',23.47393,111.31599,'stores/醒醒田螺/7.jpg',52),(11,'芳记米粉','越夜越精彩的芳记米粉','<p>店名叫粉店，但实际是一家开了10年的街坊味老排档。不止是米粉，这里还有各种小炒。</p>\r\n\r\n<p><img alt=\"\" src=\"/media/stores/20191117103654_1.jpg\" style=\"height:190px; width:655px\" /></p>\r\n\r\n<p>晚上七点半左右，店内便已人头攒动了。现在店内依然用着两广80、90后童年记忆里的公鸡碗，小吃还没下肚就勾起了回忆。</p>\r\n\r\n<p><img alt=\"\" src=\"/media/stores/20191117103736_QQ截图20191117103713.jpg\" style=\"height:360px; width:649px\" /></p>\r\n\r\n<p>素白的米粉看着寡淡，但那用鸡肉鸡骨熬出的汤底，轻松鲜开你的食欲。再来几份经典小吃，这趟宵夜之旅足矣。</p>\r\n\r\n<p><img alt=\"\" src=\"/media/stores/20191117103813_QQ截图20191117103756.jpg\" style=\"height:363px; width:649px\" /></p>\r\n','米粉最低七折起','广西壮族自治区梧州市万秀区南堤路54号','2520202','每天19:00-04:00',23.470725,111.316118,'stores/芳记米粉/4.jpg',25),(12,'粤友餐厅','九十年代的梧州味道','<p>粤友是当地最有名的老字号餐厅之一，店里基本都是九十年代的老味道。本地人极力推荐的葱油鱼，到店必吃！</p>\r\n\r\n<p>热葱油往炸好的鱼上一淋，油&ldquo;滋啦&rdquo;一声自带BGM，葱香、鱼香瞬间四溢。</p>\r\n\r\n<p><img alt=\"\" src=\"/media/stores/20191117104617_8.jpg\" style=\"height:364px; width:650px\" /></p>\r\n\r\n<p>筷子一夹，葱油鱼外酥里嫩的标志性口感，侧面彰显着大厨深厚的厨技。没有酸甜味，也不是浓油赤酱，整条鱼被葱油包裹严实，鲜味也被紧锁其中。无论老人小孩都会喜欢。</p>\r\n\r\n<p><img alt=\"\" src=\"/media/stores/20191117104652_9.jpg\" style=\"height:181px; width:646px\" /></p>\r\n','','梧州市万秀区城中办街道事处大东上路175号','','11:30-14:30 17:30-20：30',23.47157,111.31888,'stores/粤友餐厅/8.jpg',180),(13,'冰泉豆浆','已有84岁的冰泉豆浆','<p style=\"margin-left:10px; margin-right:10px; text-align:left\"><span style=\"color:#3f3f3f; font-family:黑体,SimHei; font-size:14px\">豆浆估计是每个人念念不忘的童年记忆。</span></p>\r\n\r\n<p style=\"margin-left:10px; margin-right:10px; text-align:left\"><span style=\"color:#3f3f3f; font-family:黑体,SimHei; font-size:14px\">早晨6、7点，家门口小巷子里的豆浆一出锅，便起床赶早去买，再顺道买上包子油条，一天都会充满精神气。</span></p>\r\n\r\n<p style=\"margin-left:10px; margin-right:10px; text-align:left\"><img alt=\"\" src=\"/media/stores/20191129135920_dd.jpg\" style=\"height:607px; width:1080px\" /></p>\r\n\r\n<p style=\"margin-left:10px; margin-right:10px; text-align:left\"><span style=\"background-color:#ffffff; color:#3f3f3f; font-family:黑体,SimHei; font-size:14px\">而对于梧州长大的吃货来说，这记忆里的豆浆味道非冰泉豆浆莫属。而之于广西人，谁还没买过一包冰泉豆浆晶呢。</span></p>\r\n\r\n<p style=\"margin-left:10px; margin-right:10px; text-align:left\"><img alt=\"\" src=\"/media/stores/20191129135903_640.jpg\" style=\"height:608px; width:1080px\" /></p>\r\n\r\n<p style=\"margin-left:10px; margin-right:10px; text-align:left\"><span style=\"background-color:#ffffff; color:#3f3f3f; font-family:黑体,SimHei; font-size:14px\">冰泉豆浆总店在白云山下，至今保持烧柴煮豆浆的传统制法，每天现磨现煮，喝到的都是新鲜的滋味。</span></p>\r\n\r\n<p style=\"margin-left:10px; margin-right:10px; text-align:left\"><img alt=\"\" src=\"/media/stores/20191129135809_ss.jpg\" style=\"height:608px; width:1080px\" /></p>\r\n\r\n<p style=\"margin-left:10px; margin-right:10px; text-align:left\"><span style=\"background-color:#ffffff; color:#3f3f3f; font-family:黑体,SimHei; font-size:14px\">早上一人点一碗豆浆，加上几份茶点小吃。再上白云山上散步一会儿，简直不要太舒服</span> 。</p>\r\n\r\n<p style=\"margin-left:10px; margin-right:10px; text-align:left\"><img alt=\"\" src=\"/media/stores/20191129135838_11.jpg\" style=\"height:607px; width:1080px\" /></p>\r\n','早起送豆浆！','梧州市万秀区白云山景区冰泉里6号','','06:00-12:30',23.484367,111.320138,'stores/冰泉豆浆/dd.jpg',5),(14,'汤王','种类繁多的老火靓汤','<p style=\"margin-left:10px; margin-right:10px; text-align:justify\"><span style=\"color:#3f3f3f; font-family:黑体,SimHei; font-size:14px\">梧州的喝汤文化，对比广东来说，有过之而无不及。</span></p>\r\n\r\n<p style=\"margin-left:10px; margin-right:10px; text-align:justify\"><span style=\"color:#3f3f3f; font-family:黑体,SimHei; font-size:14px\">汤王顾名思义，主打&ldquo;汤&rdquo;的店。人气之高，在大众点评上一搜就有上千条评论，可见也是梧州小有人气的一间店。</span></p>\r\n\r\n<p style=\"margin-left:10px; margin-right:10px; text-align:justify\"><span style=\"color:#3f3f3f; font-family:黑体,SimHei; font-size:14px\"><img alt=\"\" src=\"/media/stores/20191129140413_222.jpg\" style=\"height:590px; width:1080px\" /></span></p>\r\n\r\n<p style=\"margin-left:10px; margin-right:10px; text-align:justify\"><span style=\"background-color:#ffffff; color:#3f3f3f; font-family:黑体,SimHei; font-size:14px\">敞开的门面前，一排老瓦煲高调煲煮着的老火汤。</span><span style=\"background-color:#ffffff; color:#3f3f3f; font-family:黑体,SimHei; font-size:14px\">虫草花红枣枸杞煲老鸡、茯苓绿豆煲水鸭等，你想要的</span><span style=\"background-color:#ffffff; color:#3f3f3f; font-family:黑体,SimHei; font-size:14px\">祛湿健脾、清热润肺、补血养颜、补肾健脑等功效，这里应有尽有。</span></p>\r\n\r\n<p style=\"margin-left:10px; margin-right:10px; text-align:justify\"><img alt=\"\" src=\"/media/stores/20191129140510_64.jpg\" style=\"height:608px; width:1080px\" /></p>\r\n\r\n<p style=\"margin-left:10px; margin-right:10px; text-align:justify\">&nbsp;</p>\r\n\r\n<p style=\"margin-left:10px; margin-right:10px; text-align:justify\"><img alt=\"\" src=\"/media/stores/20191129140534_111.jpg\" style=\"height:608px; width:1080px\" /></p>\r\n','','梧州市万秀区大南路美食街35号南侧5号铺','','9:30-22:00',23.484367,111.320138,'stores/汤王/222.jpg',2),(15,'阿卿猪脚姜','骑楼里的网红猪脚姜','<p><span style=\"background-color:#ffffff; color:#3f3f3f; font-family:黑体,SimHei; font-size:14px\">梧州的传统之一，谁家添丁就会煮上一锅猪脚姜，香味能馋哭一整楼的邻居。</span></p>\r\n\r\n<p><img alt=\"\" src=\"/media/stores/20191129141026_1.jpg\" style=\"height:608px; width:1080px\" /></p>\r\n\r\n<p><span style=\"background-color:#ffffff; color:#3f3f3f; font-family:黑体,SimHei; font-size:14px\">跟着当地人的推荐，我们在骑楼街里找到了这间猪脚姜。店门不大，但远远就能闻到一阵酸甜汁香。</span></p>\r\n\r\n<p><img alt=\"\" src=\"/media/stores/20191129141054_2.jpg\" style=\"height:607px; width:1080px\" /></p>\r\n\r\n<p style=\"margin-left:10px; margin-right:10px; text-align:justify\"><span style=\"color:#3f3f3f; font-family:黑体,SimHei; font-size:14px\">门前一大锅红褐色的猪脚，到了方便入口，老板会帮你分切成小块。</span></p>\r\n\r\n<p style=\"margin-left:10px; margin-right:10px; text-align:justify\"><span style=\"color:#3f3f3f; font-family:黑体,SimHei; font-size:14px\">猪脚炖煮入味，酸而不冲鼻，甜而不黏嘴，浓郁的姜辣味让嗜辣患者瞬间被圈粉。别说我没告诉你，还有鸡脚、卤蛋等可以搭配着吃。</span></p>\r\n\r\n<p style=\"margin-left:10px; margin-right:10px; text-align:justify\"><span style=\"color:#3f3f3f; font-family:黑体,SimHei; font-size:14px\"><img alt=\"\" src=\"/media/stores/20191129141139_3.jpg\" style=\"height:607px; width:1080px\" /></span></p>\r\n\r\n<p style=\"margin-left:10px; margin-right:10px; text-align:justify\"><span style=\"color:#3f3f3f; font-family:黑体,SimHei; font-size:14px\"><img alt=\"\" src=\"/media/stores/20191129141150_4.jpg\" style=\"height:188px; width:661px\" /></span></p>\r\n','猪脚降价啦！周末八折！','梧州市万秀区城南街道五坊路8-1号','','9:30-22:00',23.471877,111.315801,'stores/阿卿猪脚姜/20191129141026_1.jpg',8),(16,'文姐鸡仔饼（文姐冰井粽子店）','广东人专门来买的猪油饼','<p><span style=\"background-color:#ffffff; color:#3f3f3f; font-family:黑体,SimHei; font-size:14px\">在梧州人心里排位较高的点心里，猪油饼必有姓名。</span></p>\r\n\r\n<p><img src=\"/media/stores/20191129141322_image-20191129141322-1.png\" style=\"height:607px; width:1080px\" /></p>\r\n\r\n<p>&nbsp;</p>\r\n\r\n<p style=\"margin-left:10px; margin-right:10px; text-align:left\"><span style=\"font-family:黑体,SimHei\"><span style=\"color:#3f3f3f; font-size:14px\">它是苍梧县历史较为悠久的传统名点，</span><span style=\"color:#3f3f3f; font-size:14px\">其制作技艺还是梧州非物质文化遗产项目，基本每个梧州人的童年都有关于它的记忆。</span></span></p>\r\n\r\n<p style=\"margin-left:10px; margin-right:10px; text-align:left\"><span style=\"color:#3f3f3f; font-family:黑体,SimHei; font-size:14px\">口感略像米饼，但更酥软、更柔润，每嚼一口都有猪油香在唇齿间四溢，但也好吃不腻。</span></p>\r\n\r\n<p style=\"margin-left:10px; margin-right:10px; text-align:left\">&nbsp;</p>\r\n\r\n<p style=\"margin-left:10px; margin-right:10px; text-align:left\"><img src=\"/media/stores/20191129141406_image-20191129141406-2.png\" style=\"height:608px; width:1080px\" /></p>\r\n\r\n<p style=\"margin-left:10px; margin-right:10px; text-align:left\"><img src=\"/media/stores/20191129141420_image-20191129141420-3.png\" style=\"height:607px; width:1080px\" /></p>\r\n\r\n<p style=\"margin-left:10px; margin-right:10px; text-align:left\">&nbsp;</p>\r\n\r\n<p style=\"margin-left:10px; margin-right:10px; text-align:left\"><span style=\"background-color:#ffffff; color:#3f3f3f; font-family:黑体,SimHei; font-size:14px\">这家藏在骑楼里的点心小店，由一对老爷爷老奶奶经营着，一些传统地道的梧州点心，在这里都能买到。</span></p>\r\n\r\n<p style=\"margin-left:10px; margin-right:10px; text-align:left\">&nbsp;</p>\r\n\r\n<p style=\"margin-left:10px; margin-right:10px; text-align:left\"><img src=\"/media/stores/20191129141442_image-20191129141442-4.png\" style=\"height:608px; width:1080px\" /></p>\r\n\r\n<p style=\"margin-left:10px; margin-right:10px; text-align:left\"><img src=\"/media/stores/20191129141452_image-20191129141452-5.png\" style=\"height:607px; width:1080px\" /></p>\r\n\r\n<p style=\"margin-left:10px; margin-right:10px; text-align:left\">&nbsp;</p>\r\n\r\n<p style=\"margin-left:10px; margin-right:10px; text-align:left\"><span style=\"background-color:#ffffff; color:#3f3f3f; font-family:黑体,SimHei; font-size:14px\">喜欢传统鸡仔饼的，也不要错过他们家。个头偏大，每一只都</span><span style=\"background-color:#ffffff; color:#3f3f3f; font-family:黑体,SimHei; font-size:14px\">酥脆甘香、咸甜适口。</span></p>\r\n\r\n<p style=\"margin-left:10px; margin-right:10px; text-align:left\">&nbsp;</p>\r\n\r\n<p style=\"margin-left:10px; margin-right:10px; text-align:left\"><img src=\"/media/stores/20191129141514_image-20191129141514-6.png\" style=\"height:675px; width:1080px\" /></p>\r\n','回馈老客户！猪油饼免费吃！','梧州市万秀区五坊路与步行街交叉口东100米','','无',23.471557,111.315761,'stores/文姐鸡仔饼（文姐冰井粽子店）/aa.jpg',16),(17,'大东大酒家','梧州纸包鸡的出处','<p><span style=\"background-color:#ffffff; color:#3f3f3f; font-family:黑体,SimHei; font-size:14px\">号称中国一绝的特色名菜&ldquo;纸包鸡&rdquo;就是出自这里。它是梧州的百年老字号，也是梧州市里数一数二的大酒楼。原名南华酒家，在上世纪20年代，就已驰名桂粤港澳。</span></p>\r\n\r\n<p>&nbsp;</p>\r\n\r\n<p><span style=\"background-color:#ffffff; color:#3f3f3f; font-family:黑体,SimHei; font-size:14px\"><img alt=\"\" src=\"/media/stores/20191129141826_1.jpg\" style=\"height:608px; width:1080px\" /></span></p>\r\n\r\n<p style=\"margin-left:10px; margin-right:10px; text-align:left\">&nbsp;</p>\r\n\r\n<p style=\"margin-left:10px; margin-right:10px; text-align:left\"><span style=\"color:#3f3f3f; font-family:黑体,SimHei; font-size:14px\">还未进门，骑楼上复古的招牌瞬间就能把你拉入老梧州的回忆里。等位人很多，六点前到这里基本已经座无虚席。</span></p>\r\n\r\n<p style=\"margin-left:10px; margin-right:10px; text-align:left\"><span style=\"color:#3f3f3f; font-family:黑体,SimHei; font-size:14px\">纸包鸡一上桌，筷子朝包裹紧实的茶褐色油纸一戳，没人能抗拒它的香气诱惑。鸡肉入味三分，酱香醇厚但又不腻口。</span></p>\r\n\r\n<p>&nbsp;</p>\r\n\r\n<p><img alt=\"\" src=\"/media/stores/20191129141906_640.gif\" style=\"height:197px; width:350px\" /><img alt=\"\" src=\"/media/stores/20191129141916_640 (1).gif\" style=\"height:208px; width:370px\" /></p>\r\n\r\n<p>&nbsp;</p>\r\n\r\n<p><span style=\"background-color:#ffffff; color:#3f3f3f; font-family:黑体,SimHei; font-size:14px\">多数餐厅的纸包鸡不能单点一件，但这里可以。偏爱一人游的吃货，这里是个不错的选择。</span></p>\r\n\r\n<p>&nbsp;</p>\r\n\r\n<p><img alt=\"\" src=\"/media/stores/20191129141941_2.jpg\" style=\"height:608px; width:1080px\" /></p>\r\n','','梧州市万秀区南环路20号','','7:30-14:30 17:30-21:00',23.473169,111.316417,'stores/大东大酒家/1.jpg',35),(18,'美食食验室','【梧州美食网】官方平台','<p>「美食食验室」是【梧州美食网】官方平台，在这里你不仅可以买到全球的厨房器具，还能吃到全国、全世界的特色美食。我们会不定期举办与&ldquo;吃&rdquo;相关的主题活动，能够让你的每次光临，精神和味蕾都有不一样的感受！</p>\r\n\r\n<p>&nbsp;</p>\r\n\r\n<p><img alt=\"\" src=\"/media/stores/20191207234602_1.jpeg\" style=\"height:838px; width:640px\" /></p>\r\n\r\n<p>&nbsp;</p>\r\n\r\n<p>这是一个充满无限可能的美食交流空间。自制美食、分享社区、主题活动、小型聚会、workshop、主题展览... 甚至和我们一起共同研发推出联名菜单。食验室希望能和热爱生活，关注美食的朋友们一起成长~</p>\r\n\r\n<p>&nbsp;</p>\r\n\r\n<p><img alt=\"\" src=\"/media/stores/20191207234620_2.jpeg\" style=\"height:428px; width:640px\" /></p>\r\n','','广东省广州市越秀区','无','24小时为您服务！',23.142067,113.2768,'stores/美食食验室/902397dda144ad34b91eee229073fdf033ad85cc.jpeg',8);
/*!40000 ALTER TABLE `store_stores` ENABLE KEYS */;
UNLOCK TABLES;

--
-- Table structure for table `user_confirmstring`
--

DROP TABLE IF EXISTS `user_confirmstring`;
/*!40101 SET @saved_cs_client     = @@character_set_client */;
/*!50503 SET character_set_client = utf8mb4 */;
CREATE TABLE `user_confirmstring` (
  `id` int(11) NOT NULL AUTO_INCREMENT,
  `code` varchar(256) NOT NULL,
  `send_type` varchar(10) NOT NULL,
  `c_time` datetime(6) NOT NULL,
  `user_id` int(11) NOT NULL,
  PRIMARY KEY (`id`),
  UNIQUE KEY `user_id` (`user_id`),
  CONSTRAINT `user_confirmstring_user_id_b8a8a12c_fk_userinfo_id` FOREIGN KEY (`user_id`) REFERENCES `userinfo` (`id`)
) ENGINE=InnoDB AUTO_INCREMENT=60 DEFAULT CHARSET=utf8;
/*!40101 SET character_set_client = @saved_cs_client */;

--
-- Dumping data for table `user_confirmstring`
--

LOCK TABLES `user_confirmstring` WRITE;
/*!40000 ALTER TABLE `user_confirmstring` DISABLE KEYS */;
INSERT INTO `user_confirmstring` VALUES (3,'e4aa3381b8617f27b2fb7ba491eaabfcccd22c5ce7e861704c936e3115ae7bb1','register','2019-11-05 11:08:38.599797',6),(41,'28463dea79e8918c4aaa1bfc2f99792dcc0225a65d3ae073aa00dc235ee1caa0','forget','2019-11-15 23:47:12.369211',13),(42,'781d5c3318b51822e4d81bca32ebf7460deabe00b56b6ea95091785604068a5a','forget','2019-11-22 11:16:04.713305',1),(49,'4537e3df6d4c767ce7a0d0a81ef8b19df1454464424008193ee86c8f1a72f480','register','2019-11-30 20:57:31.745512',20),(51,'af2ebb7ab007f3bc16aa6705c3f3d0ed28f9528cd74b31051fdaba9265f82224','register','2019-11-30 21:10:41.234797',22),(56,'861b973d7ba0bad1fe8ee332921a857eafc75d759da47da83cebe62255ca7c9b','register','2020-02-28 14:48:39.814499',24);
/*!40000 ALTER TABLE `user_confirmstring` ENABLE KEYS */;
UNLOCK TABLES;

--
-- Table structure for table `userinfo`
--

DROP TABLE IF EXISTS `userinfo`;
/*!40101 SET @saved_cs_client     = @@character_set_client */;
/*!50503 SET character_set_client = utf8mb4 */;
CREATE TABLE `userinfo` (
  `id` int(11) NOT NULL AUTO_INCREMENT,
  `username` varchar(128) NOT NULL,
  `password` varchar(256) NOT NULL,
  `gender` varchar(32) NOT NULL,
  `birthday` date NOT NULL,
  `email` varchar(254) NOT NULL,
  `mobile` varchar(11) NOT NULL,
  `address` varchar(255) NOT NULL,
  `userType` varchar(1) NOT NULL,
  `has_confirmed` tinyint(1) NOT NULL,
  `avatar` varchar(100) NOT NULL,
  PRIMARY KEY (`id`),
  UNIQUE KEY `username` (`username`)
) ENGINE=InnoDB AUTO_INCREMENT=28 DEFAULT CHARSET=utf8;
/*!40101 SET character_set_client = @saved_cs_client */;

--
-- Dumping data for table `userinfo`
--

LOCK TABLES `userinfo` WRITE;
/*!40000 ALTER TABLE `userinfo` DISABLE KEYS */;
INSERT INTO `userinfo` VALUES (1,'admin','123456','female','2009-11-04','admin@163.com','23232323333','广西壮族自治区梧州市龙圩区','1',1,'avatars/1/20191115_1.jpg'),(2,'张三','zs123','female','1997-10-17','zhangsan@163.com','15344455563','北京','0',1,'avatars/2/20191228_1482102564688.jpeg'),(6,'李四','ls123','male','1998-12-08','lisi@163.com','15344455563','北京','0',0,'avatars/default.jpg'),(11,'萧太后','xth123','female','1998-10-17','xiaotaihou@163.com','15344455563','澳大利亚墨尔本','0',1,'avatars/default.jpg'),(12,'李广','lg123','male','2005-06-18','liguang@163.com','13455554442','澳大利亚墨尔本','0',1,'avatars/12/20191229_1480690385062.jpeg'),(13,'王昭君','wzj123','female','1997-05-17','wangzhaojun@163.com','13455554442','澳大利亚墨尔本','1',1,'avatars/13/20191129_15706966052152.png'),(14,'张大大','zdd123','male','1999-12-14','zhangda@qq.com','12345678912','山东省烟台市蓬莱市','0',0,'avatars/14/20191230_星空壁纸.jpg'),(20,'李进','aaa','male','1998-11-19','fanjin123@163.com','22','福建省龙岩市长汀县','0',0,'avatars/default.jpg'),(22,'郝健','aaa','male','2000-10-02','haojian123@163.com','15265482854','山东省滨州市惠民县','0',0,'avatars/default.jpg'),(24,'我是弟弟','123456','male','2018-01-30','lzfdd937@163.com','13245674365','广东省广州市番禺区','0',0,'avatars/default.jpg'),(27,'against','123456','male','2020-01-31','suejc638@163.com','13245674365','广西壮族自治区梧州市万秀区南堤路54号','0',1,'avatars/default.jpg');
/*!40000 ALTER TABLE `userinfo` ENABLE KEYS */;
UNLOCK TABLES;
/*!40103 SET TIME_ZONE=@OLD_TIME_ZONE */;

/*!40101 SET SQL_MODE=@OLD_SQL_MODE */;
/*!40014 SET FOREIGN_KEY_CHECKS=@OLD_FOREIGN_KEY_CHECKS */;
/*!40014 SET UNIQUE_CHECKS=@OLD_UNIQUE_CHECKS */;
/*!40101 SET CHARACTER_SET_CLIENT=@OLD_CHARACTER_SET_CLIENT */;
/*!40101 SET CHARACTER_SET_RESULTS=@OLD_CHARACTER_SET_RESULTS */;
/*!40101 SET COLLATION_CONNECTION=@OLD_COLLATION_CONNECTION */;
/*!40111 SET SQL_NOTES=@OLD_SQL_NOTES */;

-- Dump completed on 2023-03-27 20:55:53
